Player Name,Team,Position,Age,Height,Impact,Attacking Rating,Blocking Rating,Serving Rating,Setting Rating,Defense Rating,Receiving Rating,Running Sets,Setting Errors,Still Sets,Sets Per Match,Successful Receives,Receiving Errors,Service Receptions,Receives Per Match,Aces,Service Errors,Service Attempts,Serves Per Match,Blocks,Blocking Errors,Rebounds,Blocks Per Match,Great Saves,Defensive Errors,Defensive Receptions,Digs Per Match,Kills,Attacking Errors,Attacking Attempts,Attacks Per Match
A. Lagumdzija,TUR,OPPOSITE SPIKER,26,211cm,82.92,72.08,18.06,36.12,0.18,70.11,0.0,1,0,4,0.25,1,1,2,0.25,5,19,42,1.25,4,13,11,1.0,25,14,5,6.25,60,18,65,15.0
A. Nikolov,BUL,OUTSIDE HITTER,21,207cm,84.21,87.52,29.61,46.18,0.35,44.94,21.25,6,1,36,0.5,46,19,191,3.83,16,46,100,1.33,15,26,22,1.25,61,17,31,5.08,177,54,124,14.75
Adamczyk,POL,MIDDLE BLOCKER,26,208cm,17.61,13.09,15.05,3.36,0.0,0.0,0.0,0,0,3,0.0,0,0,1,0.0,1,5,23,0.25,3,6,4,0.75,2,4,4,0.5,11,1,8,2.75
Adriano,BRA,OUTSIDE HITTER,23,201cm,3.81,0.82,0.57,5.94,0.0,2.17,2.62,0,0,9,0.0,9,2,38,0.6,4,7,41,0.27,1,1,5,0.07,9,6,4,0.6,12,10,21,0.8
Ahyi,NED,OPPOSITE SPIKER,27,200cm,68.9,76.03,26.27,3.33,0.07,0.0,0.0,2,0,22,0.17,0,0,2,0.0,3,42,70,0.25,14,28,22,1.17,33,36,29,2.75,161,53,115,13.42
Alan,BRA,OPPOSITE SPIKER,31,202cm,100.0,91.71,48.49,14.05,0.09,29.64,0.0,2,0,16,0.18,1,1,8,0.09,8,23,121,0.73,20,27,36,1.82,43,16,23,3.91,159,40,104,14.45
Alexandre,BRA,LIBERO,27,190cm,0.0,0.0,0.0,0.0,0.0,0.0,0.0,0,0,0,0.0,0,0,0,0.0,0,0,0,0.0,0,0,0,0.0,0,0,0,0.0,0,0,0,0.0
Alonso,CUB,MIDDLE BLOCKER,28,202cm,18.63,8.4,19.95,0.0,0.06,1.51,0.0,1,0,2,0.08,2,3,4,0.15,0,5,62,0.0,13,27,31,1.0,7,4,7,0.54,26,5,19,2.0
Amin,IRI,OPPOSITE SPIKER,28,203cm,78.7,80.62,12.5,29.23,0.4,39.11,0.0,5,1,22,0.5,1,2,7,0.1,11,22,104,1.1,8,27,33,0.8,44,20,15,4.4,139,40,102,13.9
Antov,BUL,OPPOSITE SPIKER,21,196cm,38.27,42.06,5.03,14.1,0.04,10.97,0.0,1,0,6,0.08,0,1,0,0.0,7,39,69,0.58,5,23,23,0.42,28,18,19,2.33,100,35,72,8.33
Anzani,ITA,MIDDLE BLOCKER,33,204cm,37.79,16.49,40.03,1.37,0.03,5.4,0.48,1,0,12,0.09,2,1,9,0.18,2,9,112,0.18,19,41,48,1.73,14,5,14,1.27,35,7,20,3.18
Ariakhah,IRI,OPPOSITE SPIKER,19,205cm,8.1,6.53,6.49,0.0,0.0,0.0,0.0,0,0,0,0.0,0,0,0,0.0,0,3,3,0.0,1,0,0,0.25,1,0,0,0.25,6,2,3,1.5
Arman,IRI,LIBERO,32,180cm,55.75,0.0,0.0,0.0,0.06,31.7,40.36,2,0,36,0.17,42,4,60,3.5,0,0,0,0.0,0,0,0,0.0,44,15,17,3.67,0,0,0,0.0
Armoa Morel,ARG,OUTSIDE HITTER,22,195cm,13.04,6.64,9.18,0.0,0.06,0.0,12.62,1,0,7,0.12,15,4,40,1.88,0,9,27,0.0,4,7,5,0.5,7,10,3,0.88,17,8,15,2.12
Arshia,IRI,SETTER,22,194cm,50.97,0.67,5.2,0.44,54.52,21.43,0.0,266,6,447,22.17,0,2,2,0.0,1,21,83,0.08,5,24,18,0.42,37,20,15,3.08,5,2,10,0.42
Arthur,BRA,OUTSIDE HITTER,21,205cm,13.7,15.64,4.51,2.12,0.04,7.67,4.07,1,0,5,0.08,13,7,46,1.0,2,5,39,0.15,4,9,7,0.31,16,4,7,1.23,40,6,25,3.08
Asparuhov,BUL,OUTSIDE HITTER,25,201cm,28.03,22.31,12.84,0.46,0.0,10.27,18.6,0,1,35,0.0,38,16,129,3.17,1,19,79,0.08,9,22,27,0.75,27,12,30,2.25,69,22,76,5.75
Atanasov,BUL,OUTSIDE HITTER,28,196cm,11.3,7.99,3.1,9.31,0.0,2.13,7.33,0,0,6,0.0,17,7,55,1.42,4,10,28,0.33,3,8,8,0.25,8,4,8,0.67,32,14,36,2.67
B. Bayraktar,TUR,LIBERO,27,190cm,64.22,0.0,0.0,0.0,0.08,54.86,28.15,3,0,77,0.25,53,18,199,4.42,0,0,0,0.0,0,0,0,0.0,78,35,41,6.5,0,0,0,0.0
Bak,NED,OUTSIDE HITTER,23,198cm,1.17,0.43,0.77,0.0,0.0,1.63,0.48,0,0,2,0.0,2,0,16,0.17,0,2,4,0.0,1,3,1,0.08,6,4,3,0.5,5,4,8,0.42
Balaso,ITA,LIBERO,29,178cm,64.73,0.0,0.0,0.0,0.02,40.47,43.21,1,1,33,0.09,51,6,122,4.64,0,0,0,0.0,0,0,0,0.0,62,27,45,5.64,0,0,0,0.0
Bayram,TUR,OUTSIDE HITTER,23,194cm,15.95,15.25,5.35,0.0,0.0,11.02,6.93,0,0,1,0.0,8,4,21,1.33,0,9,22,0.0,2,3,3,0.33,11,4,6,1.83,20,5,14,3.33
Bedirhan,TUR,MIDDLE BLOCKER,26,201cm,46.75,42.65,32.19,13.04,0.02,10.15,7.81,1,0,23,0.08,12,0,25,1.0,8,25,117,0.67,18,49,44,1.5,23,10,16,1.92,70,11,27,5.83
Bednorz,POL,OUTSIDE HITTER,31,201cm,16.13,7.47,9.06,0.0,0.0,2.43,16.16,0,0,6,0.0,10,3,18,2.0,0,4,8,0.0,2,2,0,0.4,3,1,2,0.6,10,3,8,2.0
Berkhout,NED,SETTER,25,198cm,26.99,0.22,1.51,0.49,31.89,0.0,0.0,173,1,313,14.42,0,0,1,0.0,1,6,71,0.08,2,11,9,0.17,16,20,16,1.33,2,0,7,0.17
Bisset,CUB,OPPOSITE SPIKER,30,200cm,4.63,4.8,1.18,0.0,0.34,3.17,0.39,4,0,6,0.31,1,0,2,0.08,0,7,13,0.0,2,7,18,0.15,8,1,4,0.62,19,9,13,1.46
Boiko,UKR,LIBERO,22,180cm,79.58,0.0,0.0,0.0,0.07,53.08,49.79,3,0,91,0.25,68,12,185,5.67,0,0,0,0.0,0,0,0,0.0,85,55,41,7.08,0,0,0,0.0
Boninfante,ITA,SETTER,21,188cm,0.82,0.0,0.0,0.0,0.63,1.63,0.0,4,0,44,1.0,0,1,0,0.0,0,4,6,0.0,0,1,1,0.0,2,0,3,0.5,1,0,0,0.25
Bottolo,ITA,OUTSIDE HITTER,25,196cm,17.92,12.39,9.01,3.49,0.02,6.26,12.14,1,0,12,0.07,24,3,56,1.6,3,24,43,0.2,7,6,11,0.47,16,3,8,1.07,49,15,46,3.27
Bovolenta,ITA,OPPOSITE SPIKER,21,202cm,19.02,19.78,2.49,4.18,0.0,14.26,0.0,0,0,1,0.0,0,0,2,0.0,1,5,16,0.25,1,3,7,0.25,8,3,3,2.0,18,4,16,4.5
Bozhilov,BUL,LIBERO,37,190cm,26.62,0.0,0.0,0.0,0.1,8.44,25.95,3,0,45,0.25,46,15,147,3.83,0,0,0,0.0,0,0,0,0.0,24,11,29,2.0,0,0,0,0.0
Bołądź,POL,OPPOSITE SPIKER,30,204cm,9.45,7.99,7.09,0.0,0.0,0.0,0.0,0,0,1,0.0,0,0,0,0.0,0,7,10,0.0,3,6,5,0.43,3,1,0,0.43,14,8,6,2.0
Brand,GER,OUTSIDE HITTER,27,194cm,47.73,45.85,22.26,2.47,0.0,33.89,16.15,0,0,32,0.0,28,14,138,3.5,2,12,77,0.25,9,29,16,1.12,33,15,13,4.12,76,22,69,9.5
Bračko,SLO,OUTSIDE HITTER,21,194cm,10.2,9.7,0.9,1.87,0.0,6.2,5.54,0,0,12,0.0,20,11,74,1.33,2,18,37,0.13,2,15,16,0.13,19,9,11,1.27,41,11,43,2.73
Brborić,SRB,OUTSIDE HITTER,19,192cm,8.81,7.31,1.84,5.4,0.04,6.55,3.27,1,0,10,0.09,10,4,57,0.91,3,17,36,0.27,2,8,6,0.18,15,10,6,1.36,27,9,35,2.45
Briggs,USA,LIBERO,24,182cm,40.03,0.0,0.0,0.0,0.39,21.86,29.79,4,1,18,0.5,25,5,44,3.12,0,0,0,0.0,0,0,0,0.0,26,14,12,3.25,0,0,0,0.0
Brizard,FRA,SETTER,31,196cm,100.0,3.6,3.3,75.3,90.77,14.75,0.0,271,2,278,30.11,0,0,3,0.0,15,26,63,1.67,3,17,20,0.33,23,10,16,2.56,10,5,6,1.11
Burggräf,GER,SETTER,26,184cm,3.42,0.0,0.77,3.17,2.32,1.94,0.0,25,1,102,2.08,0,0,0,0.0,2,5,25,0.17,1,2,2,0.08,8,6,5,0.67,1,0,0,0.08
Böhme,GER,OPPOSITE SPIKER,28,203cm,6.66,5.75,0.46,7.46,0.0,1.93,0.54,0,0,3,0.0,1,0,1,0.08,2,7,6,0.17,1,6,11,0.08,7,2,8,0.58,21,6,21,1.75
Camino,CUB,LIBERO,22,186cm,5.15,0.0,0.0,0.0,0.0,0.0,6.66,0,0,7,0.0,26,18,121,2.0,0,0,0,0.0,0,0,0,0.0,10,18,21,0.77,0,0,0,0.0
Can Koç,TUR,OPPOSITE SPIKER,22,200cm,15.88,0.0,29.81,0.0,0.0,0.0,0.0,0,0,0,0.0,0,0,0,0.0,0,0,0,0.0,1,1,0,1.0,0,0,0,0.0,0,0,1,0.0
Caneschi,ITA,MIDDLE BLOCKER,28,205cm,2.38,0.0,3.17,0.0,0.0,0.0,0.0,0,0,1,0.0,0,0,0,0.0,0,2,1,0.0,1,4,1,0.25,0,0,0,0.0,1,0,0,0.25
Canham,CAN,OPPOSITE SPIKER,25,194cm,16.04,18.47,2.69,4.53,0.0,1.59,0.0,0,0,1,0.0,0,0,2,0.0,1,10,14,0.25,1,4,4,0.25,3,2,6,0.75,17,3,16,4.25
Carle,FRA,OUTSIDE HITTER,29,195cm,0.0,0.0,0.0,0.0,0.0,0.0,0.0,0,0,0,0.0,0,0,0,0.0,0,5,6,0.0,0,0,0,0.0,1,1,0,0.25,0,0,0,0.0
Chaboissant,FRA,SETTER,22,189cm,8.57,0.38,3.73,0.0,8.66,0.0,0.0,21,0,50,5.25,0,0,1,0.0,0,4,11,0.0,1,3,0,0.25,2,3,6,0.5,1,0,3,0.25
Champlin,USA,OUTSIDE HITTER,23,191cm,21.49,21.11,4.8,3.65,0.23,9.06,11.72,4,0,20,0.33,24,6,88,2.0,3,18,60,0.25,4,8,9,0.33,22,17,7,1.83,60,12,62,5.0
Chelenyak,UKR,MIDDLE BLOCKER,20,200cm,0.34,0.0,0.0,1.35,0.0,0.0,0.0,0,0,0,0.0,0,0,0,0.0,1,0,13,0.08,0,1,0,0.0,1,1,1,0.08,0,1,1,0.0
Chinenyeze,FRA,MIDDLE BLOCKER,27,204cm,11.99,27.06,0.92,0.0,0.0,0.0,0.0,0,0,3,0.0,0,0,2,0.0,0,4,22,0.0,1,6,5,0.12,5,0,0,0.62,21,3,3,2.62
Chizoba,BRA,OPPOSITE SPIKER,28,200cm,3.13,0.98,0.82,7.51,0.0,0.0,0.0,0,0,0,0.0,0,0,0,0.0,2,2,8,0.2,1,6,2,0.1,1,1,0,0.1,6,3,11,0.6
Clevenot,FRA,OUTSIDE HITTER,31,199cm,73.87,60.92,37.55,18.19,0.02,27.24,39.63,1,1,39,0.08,58,15,126,4.46,11,19,143,0.85,19,29,25,1.46,50,20,30,3.85,147,37,121,11.31
Concepcion,CUB,MIDDLE BLOCKER,27,202cm,76.36,38.03,74.78,14.84,0.0,7.11,0.0,0,0,9,0.0,1,1,12,0.08,9,23,112,0.69,33,58,46,2.54,19,6,16,1.46,78,18,37,6.0
Conde,ARG,OUTSIDE HITTER,20,193cm,0.73,0.0,2.53,0.0,0.0,0.0,0.0,0,0,3,0.0,2,2,21,0.17,0,6,7,0.0,2,1,3,0.17,3,5,3,0.25,3,5,8,0.25
Cortesia,ITA,MIDDLE BLOCKER,26,198cm,0.92,0.47,0.96,0.0,0.0,0.0,0.0,0,0,0,0.0,0,0,0,0.0,0,0,5,0.0,1,6,4,0.12,0,0,1,0.0,2,1,2,0.25
Currie,CAN,LIBERO,25,175cm,28.65,0.0,0.0,0.0,0.06,0.0,37.02,2,0,40,0.17,52,13,122,4.33,0,0,0,0.0,0,0,0,0.0,45,48,40,3.75,0,0,0,0.0
Czunkiewicz,POL,LIBERO,28,183cm,9.95,0.0,0.0,0.0,0.0,6.45,6.41,0,4,19,0.0,11,4,47,1.38,0,0,0,0.0,0,0,0,0.0,20,18,18,2.5,0,0,0,0.0
D. Dimitrov,BUL,OPPOSITE SPIKER,24,208cm,21.2,8.52,25.35,0.0,0.24,9.11,0.0,1,0,2,0.25,0,0,0,0.0,0,3,14,0.0,4,5,3,1.0,5,0,2,1.25,9,3,7,2.25
D. Kolev,BUL,LIBERO,23,176cm,18.62,0.0,0.0,0.0,0.0,24.07,0.0,0,0,3,0.0,0,0,0,0.0,0,0,0,0.0,0,0,0,0.0,14,6,8,3.5,0,0,0,0.0
Dagostino,USA,LIBERO,30,175cm,3.47,0.0,0.0,0.0,0.0,0.0,4.49,0,1,34,0.0,10,5,54,1.25,0,0,0,0.0,0,0,0,0.0,16,21,10,2.0,0,0,0,0.0
Danani,ARG,LIBERO,29,176cm,100.0,0.0,0.0,0.0,0.07,75.51,53.76,1,0,36,0.25,25,6,68,6.25,0,0,0,0.0,0,0,0,0.0,36,19,21,9.0,0,0,0,0.0
Daneshdoust,IRI,OUTSIDE HITTER,25,192cm,7.65,7.83,8.44,2.29,0.27,3.6,0.0,3,0,4,0.25,7,10,55,0.58,2,0,43,0.17,5,8,1,0.42,11,7,6,0.92,23,5,17,1.92
Darlan,BRA,OPPOSITE SPIKER,23,192cm,51.13,51.44,4.23,43.25,0.0,4.59,0.0,0,0,5,0.0,0,0,1,0.0,15,26,62,1.0,5,19,12,0.33,19,13,14,1.27,122,39,58,8.13
Diaz,ARG,OUTSIDE HITTER,19,193cm,0.0,0.0,0.0,0.0,0.0,0.0,0.0,0,0,0,0.0,0,0,0,0.0,0,3,4,0.0,0,0,0,0.0,0,1,0,0.0,0,0,0,0.0
Diez,FRA,LIBERO,27,183cm,70.71,0.0,0.0,0.0,0.14,45.94,45.44,4,0,53,0.31,60,13,114,4.62,0,0,0,0.0,0,0,0,0.0,72,29,38,5.54,0,0,0,0.0
Dilmenler,TUR,OPPOSITE SPIKER,21,203cm,10.8,8.56,5.35,1.58,0.0,8.16,0.0,0,0,5,0.0,0,0,0,0.0,1,8,18,0.11,3,6,3,0.33,13,7,5,1.44,27,14,30,3.0
Duflos Rossi,FRA,OUTSIDE HITTER,18,198cm,12.88,1.64,1.04,0.0,0.0,4.39,18.38,0,0,1,0.0,15,1,24,1.88,0,3,15,0.0,1,4,4,0.12,8,3,6,1.0,10,7,23,1.25
Eckardt,GER,LIBERO,24,183cm,1.49,0.0,0.0,0.0,0.0,1.92,0.0,0,0,1,0.0,0,0,0,0.0,0,0,0,0.0,0,0,0,0.0,2,1,1,0.5,0,0,0,0.0
Eiro,JPN,SETTER,29,192cm,24.84,0.0,1.76,5.91,26.14,5.7,0.0,146,1,354,13.27,0,0,2,0.0,4,7,70,0.36,2,6,10,0.18,18,10,25,1.64,3,3,1,0.27
Eisa,IRI,MIDDLE BLOCKER,24,203cm,48.16,12.61,55.63,0.49,0.04,10.86,0.87,1,0,13,0.1,2,0,7,0.2,1,9,106,0.1,20,34,26,2.0,17,7,7,1.7,28,8,18,2.8
Elgert,CAN,SETTER,27,191cm,34.42,0.12,1.22,11.42,37.42,0.0,0.0,200,2,377,16.67,0,1,3,0.0,7,12,98,0.58,2,14,21,0.17,11,18,35,0.92,1,0,2,0.08
Ensing,USA,OPPOSITE SPIKER,28,201cm,11.18,9.84,2.98,8.45,0.0,1.96,0.0,0,0,4,0.0,0,0,0,0.0,3,2,32,0.38,2,7,5,0.25,8,7,9,1.0,23,11,19,2.88
Ertuğrul Gazi,TUR,MIDDLE BLOCKER,29,204cm,0.0,0.0,0.0,0.0,0.0,0.0,0.0,0,0,0,0.0,0,0,0,0.0,0,0,0,0.0,0,0,0,0.0,0,0,0,0.0,0,0,0,0.0
Esfandiar,IRI,OUTSIDE HITTER,26,209cm,23.77,20.43,23.95,23.66,0.0,9.15,0.0,0,0,13,0.0,11,12,53,0.92,9,22,60,0.75,11,7,11,0.92,19,6,11,1.58,56,15,48,4.67
Ewert,USA,OUTSIDE HITTER,28,195cm,25.3,23.64,7.07,0.0,0.0,0.0,20.9,0,0,21,0.0,37,10,117,3.08,0,12,83,0.0,6,25,15,0.5,16,20,25,1.33,70,25,67,5.83
Faure,FRA,OPPOSITE SPIKER,25,202cm,97.81,96.05,13.68,51.65,0.02,48.03,1.16,1,0,28,0.08,2,0,2,0.15,22,55,177,1.69,11,37,43,0.85,72,29,34,5.54,211,60,159,16.23
Feral,FRA,OPPOSITE SPIKER,22,197cm,0.0,0.0,0.0,0.0,0.0,0.0,0.0,0,0,0,0.0,0,0,0,0.0,0,3,2,0.0,0,0,0,0.0,0,0,0,0.0,1,0,0,0.25
Fernando,BRA,SETTER,29,186cm,88.03,1.39,4.82,13.28,100.0,0.0,0.0,507,3,611,33.8,0,1,1,0.0,10,23,142,0.67,6,19,33,0.4,28,35,60,1.87,9,3,11,0.6
Fiel,CUB,MIDDLE BLOCKER,32,205cm,15.54,4.38,16.85,3.96,0.0,0.5,0.27,0,0,6,0.0,1,0,4,0.08,3,6,45,0.23,11,25,18,0.85,4,3,6,0.31,18,7,15,1.38
Firlej,POL,SETTER,28,188cm,30.22,0.46,1.57,1.92,32.81,10.98,0.0,158,3,255,14.36,0,0,3,0.0,2,6,64,0.18,2,12,10,0.18,22,9,15,2.0,3,1,5,0.27
Flavio,BRA,MIDDLE BLOCKER,32,199cm,49.53,36.93,44.51,1.75,0.03,2.52,0.27,1,1,8,0.07,1,0,3,0.07,3,13,149,0.21,27,64,77,1.93,18,16,22,1.29,80,18,36,5.71
Flexen,USA,OUTSIDE HITTER,23,204cm,7.56,4.79,3.07,16.55,0.0,4.3,0.0,0,0,5,0.0,7,9,29,0.88,4,6,23,0.5,2,4,7,0.25,7,1,5,0.88,16,7,25,2.0
Fornal,POL,OUTSIDE HITTER,28,200cm,48.77,29.38,32.19,16.49,0.05,4.86,36.56,1,0,17,0.14,30,8,69,4.29,5,14,55,0.71,9,15,10,1.29,13,11,14,1.86,42,12,31,6.0
Gajović,SRB,MIDDLE BLOCKER,25,205cm,1.95,0.29,0.0,6.66,0.0,0.0,1.9,0,0,4,0.0,2,0,1,0.17,4,5,49,0.33,0,3,2,0.0,2,4,1,0.17,2,1,2,0.17
Galassi,ITA,MIDDLE BLOCKER,28,201cm,42.15,21.85,43.47,0.58,0.0,2.75,0.0,0,0,4,0.0,0,1,11,0.0,1,10,67,0.09,18,26,26,1.64,10,3,20,0.91,44,10,24,4.0
Gallego,ARG,MIDDLE BLOCKER,28,204cm,19.68,5.13,22.98,0.7,0.0,1.14,0.0,0,0,3,0.0,0,1,10,0.0,1,13,39,0.08,12,18,16,1.0,6,3,11,0.5,18,4,17,1.5
Garcia,CUB,LIBERO,32,175cm,97.13,0.0,0.0,0.0,0.02,71.04,54.53,1,1,42,0.11,59,16,168,6.56,0,0,0,0.0,0,0,0,0.0,67,27,31,7.44,0,0,0,0.0
Garcia,USA,OPPOSITE SPIKER,26,200cm,44.67,34.84,13.52,45.46,0.09,3.38,0.0,2,1,12,0.17,0,1,1,0.0,14,35,71,1.17,9,19,23,0.75,24,23,22,2.0,83,25,60,6.92
Gargiulo,ITA,MIDDLE BLOCKER,26,200cm,50.56,34.06,46.05,5.36,0.08,3.82,0.96,2,0,10,0.13,4,2,12,0.27,6,11,150,0.4,27,53,43,1.8,15,5,17,1.0,69,5,26,4.6
Gasman,USA,MIDDLE BLOCKER,28,208cm,5.7,4.92,0.0,14.55,0.0,0.0,0.0,0,0,1,0.0,0,0,1,0.0,1,5,2,0.25,0,3,1,0.0,2,0,0,0.5,4,0,2,1.0
Georgiev,BUL,MIDDLE BLOCKER,30,206cm,5.46,6.08,3.73,0.0,0.0,1.47,0.0,0,0,0,0.0,0,0,2,0.0,0,4,17,0.0,3,4,5,0.25,4,2,1,0.33,8,0,1,0.67
Giannelli,ITA,SETTER,29,200cm,65.01,2.99,20.39,22.82,57.85,16.85,0.0,350,4,596,23.33,0,0,8,0.0,14,23,147,0.93,16,32,55,1.07,49,27,43,3.27,19,9,24,1.27
Gierżot,POL,OUTSIDE HITTER,23,208cm,28.34,24.39,0.9,21.3,0.26,10.97,16.04,2,0,3,0.25,20,7,58,2.5,5,16,28,0.62,1,9,3,0.12,14,6,6,1.75,40,9,30,5.0
Giraudo,ARG,SETTER,27,196cm,9.42,0.22,4.21,3.42,8.18,0.88,0.0,62,3,161,5.17,0,0,4,0.0,2,7,22,0.17,4,8,17,0.33,5,3,8,0.42,2,0,7,0.17
Gomez,ARG,OPPOSITE SPIKER,22,191cm,46.38,49.6,3.01,35.81,0.0,0.0,0.41,0,0,9,0.0,1,0,3,0.1,9,31,42,0.9,3,21,13,0.3,11,12,11,1.1,86,36,43,8.6
Gomez,CUB,SETTER,26,194cm,43.15,5.9,4.56,17.65,41.92,5.61,0.0,247,2,531,19.0,0,0,3,0.0,10,49,114,0.77,5,18,24,0.38,22,15,25,1.69,16,2,8,1.23
Gomułka,POL,OPPOSITE SPIKER,23,204cm,4.84,6.81,0.0,0.0,0.0,0.0,0.0,0,0,1,0.0,0,0,0,0.0,0,4,3,0.0,0,1,3,0.0,1,2,1,0.25,7,3,4,1.75
Gonzalez,CUB,OPPOSITE SPIKER,22,207cm,0.0,0.0,0.0,0.0,0.0,0.0,0.0,0,0,0,0.0,0,0,0,0.0,0,0,0,0.0,0,0,0,0.0,0,0,0,0.0,0,0,0,0.0
Goto,JPN,OUTSIDE HITTER,24,187cm,0.0,0.0,0.0,0.0,0.0,0.0,0.0,0,0,0,0.0,0,1,1,0.0,0,0,0,0.0,0,0,0,0.0,1,0,0,1.0,0,1,0,0.0
Granieczny,POL,LIBERO,20,179cm,14.84,0.0,0.0,0.0,0.01,14.18,5.01,1,1,38,0.07,17,7,68,1.13,0,0,0,0.0,0,0,0,0.0,35,12,23,2.33,0,0,0,0.0
Graven,GER,LIBERO,21,180cm,90.25,0.0,0.0,0.0,0.08,51.71,64.95,3,0,71,0.25,73,12,140,6.08,0,0,0,0.0,0,0,0,0.0,75,38,36,6.25,0,0,0,0.0
Grebennikov,FRA,LIBERO,35,188cm,49.7,0.0,0.0,0.0,0.2,29.56,34.64,2,0,24,0.4,18,1,39,3.6,0,0,1,0.0,0,0,0,0.0,23,12,16,4.6,0,0,0,0.0
Greves,CAN,SETTER,22,185cm,0.0,0.0,0.0,0.0,0.0,0.0,0.0,0,0,0,0.0,0,0,0,0.0,0,2,14,0.0,0,1,0,0.0,0,1,0,0.0,0,0,1,0.0
Grozdanov,BUL,MIDDLE BLOCKER,27,208cm,67.62,18.78,72.23,20.41,0.16,3.58,1.07,2,1,11,0.25,2,1,4,0.25,7,9,80,0.88,20,29,37,2.5,8,4,8,1.0,37,17,27,4.62
Grozer,GER,OPPOSITE SPIKER,40,200cm,3.04,0.0,0.0,11.41,0.0,0.0,0.0,0,0,0,0.0,0,0,0,0.0,1,3,3,0.25,0,2,2,0.0,1,2,0,0.25,3,3,5,0.75
Gueye,FRA,MIDDLE BLOCKER,28,198cm,23.8,21.54,18.92,2.31,0.04,0.0,0.16,1,0,7,0.08,1,0,12,0.08,3,19,111,0.23,13,37,31,1.0,9,9,4,0.69,53,11,32,4.08
Gulmezoglu,TUR,OUTSIDE HITTER,29,199cm,11.89,7.82,8.39,6.17,0.0,0.0,7.98,0,1,19,0.0,15,5,91,1.88,3,13,54,0.38,4,10,6,0.5,14,14,16,1.75,28,17,44,3.5
Gyimah,CAN,MIDDLE BLOCKER,27,200cm,32.51,19.71,29.08,6.66,0.12,5.1,4.01,2,1,7,0.17,7,0,15,0.58,4,19,49,0.33,16,36,34,1.33,14,6,11,1.17,40,6,19,3.33
Gürbüz,TUR,OPPOSITE SPIKER,24,200cm,44.69,49.1,2.09,2.99,0.15,44.43,0.0,1,1,6,0.25,0,1,0,0.0,1,6,28,0.25,1,11,5,0.25,16,7,3,4.0,37,15,23,9.25
Haghparast,IRI,OUTSIDE HITTER,20,198cm,4.96,4.05,0.59,3.74,0.0,7.46,0.0,0,0,2,0.0,6,6,24,0.5,2,6,19,0.17,1,7,2,0.08,9,1,1,0.75,17,10,12,1.42
Hatipoğlu,TUR,LIBERO,33,190cm,1.8,0.0,0.0,0.0,0.0,2.33,0.0,0,0,5,0.0,0,0,0,0.0,0,0,0,0.0,0,0,0,0.0,7,4,3,0.58,0,0,0,0.0
Hawryluk,POL,LIBERO,22,182cm,12.53,0.0,0.0,0.0,0.0,10.56,5.64,0,0,9,0.0,4,1,12,1.0,0,0,0,0.0,0,0,0,0.0,6,4,1,1.5,0,0,0,0.0
Hazrat,IRI,LIBERO,26,187cm,48.83,0.0,0.0,0.0,0.06,35.53,27.58,2,0,39,0.17,40,8,96,3.33,0,0,0,0.0,0,0,0,0.0,49,12,23,4.08,0,0,0,0.0
Henno,FRA,OUTSIDE HITTER,20,193cm,33.76,28.06,4.55,13.06,0.0,13.68,22.04,0,0,6,0.0,25,4,64,2.78,4,23,27,0.44,3,8,7,0.33,18,6,8,2.0,41,12,17,4.56
Herr,CAN,SETTER,31,192cm,26.98,0.22,0.49,2.0,31.3,2.38,0.0,165,1,264,13.75,0,0,1,0.0,2,9,54,0.17,1,8,7,0.08,11,7,17,0.92,2,0,7,0.17
Heslinga,CAN,OUTSIDE HITTER,23,200cm,17.72,20.81,6.99,4.19,0.0,0.0,8.68,0,0,16,0.0,17,5,58,1.55,3,12,55,0.27,5,15,8,0.45,13,16,17,1.18,54,10,56,4.91
Hilmi,TUR,SETTER,22,186cm,3.06,0.0,0.0,9.84,0.04,1.77,0.0,1,0,14,0.12,0,0,0,0.0,1,0,1,0.12,0,1,0,0.0,3,1,1,0.38,0,0,0,0.0
Hobus,USA,OPPOSITE SPIKER,25,205cm,21.48,21.86,8.28,0.0,0.04,8.67,1.9,1,0,8,0.08,2,0,1,0.17,0,17,34,0.0,6,9,16,0.5,18,7,9,1.5,62,26,47,5.17
Hofer,CAN,OUTSIDE HITTER,25,199cm,57.01,58.58,11.91,12.19,0.07,18.04,31.59,2,0,29,0.17,53,18,158,4.42,7,24,88,0.58,9,28,33,0.75,42,24,37,3.5,125,37,86,10.42
Holdaway,USA,MIDDLE BLOCKER,28,201cm,24.37,4.62,25.35,12.65,0.0,2.71,0.0,0,0,0,0.0,0,0,0,0.0,1,2,9,0.5,2,2,2,1.0,2,1,4,1.0,3,1,3,1.5
Honorato,BRA,LIBERO,28,190cm,27.58,30.9,17.46,13.0,0.05,12.13,20.27,2,0,32,0.13,47,9,182,3.13,10,22,147,0.67,13,28,22,0.87,43,32,32,2.87,102,37,82,6.8
Howe,CAN,MIDDLE BLOCKER,27,198cm,21.04,14.95,17.42,5.28,0.0,4.72,0.0,0,0,1,0.0,0,0,1,0.0,1,1,18,0.33,3,12,8,1.0,3,2,1,1.0,8,1,4,2.67
Huetz,FRA,MIDDLE BLOCKER,25,202cm,64.74,26.6,63.45,20.38,0.1,4.91,5.32,2,1,7,0.15,8,1,10,0.62,9,41,66,0.69,30,49,59,2.31,13,2,10,1.0,61,18,30,4.69
Isaacson,USA,SETTER,26,187cm,13.68,0.0,1.09,1.03,15.49,1.29,0.0,68,1,159,8.5,0,0,2,0.0,1,2,43,0.12,1,3,4,0.12,7,6,17,0.88,1,0,0,0.12
Ishikawa,JPN,OUTSIDE HITTER,29,191cm,52.03,64.53,12.67,2.66,0.37,6.51,26.45,2,0,11,0.5,16,1,76,4.0,1,11,34,0.25,3,11,6,0.75,11,10,12,2.75,49,17,38,12.25
Ivović,SRB,LIBERO,34,194cm,49.91,36.98,26.27,10.6,0.21,19.18,42.65,5,2,61,0.42,64,22,163,5.33,7,39,111,0.58,14,32,18,1.17,40,20,30,3.33,108,57,88,9.0
J. Elser,CAN,OUTSIDE HITTER,26,204cm,2.82,3.68,0.84,3.03,0.0,0.0,0.43,0,0,3,0.0,2,0,22,0.18,2,3,30,0.18,1,0,5,0.09,2,8,4,0.18,9,0,5,0.82
J. Gutierrez,CUB,OUTSIDE HITTER,23,194cm,18.29,14.18,4.0,3.77,0.0,9.29,12.18,0,1,11,0.0,26,5,95,2.0,3,13,49,0.23,4,10,13,0.31,20,8,9,1.54,46,18,35,3.54
Jakubiszak,POL,MIDDLE BLOCKER,27,210cm,18.63,16.57,14.71,1.1,0.03,1.35,3.31,1,0,6,0.07,5,1,4,0.36,2,8,102,0.14,12,36,38,0.86,8,5,11,0.57,40,9,17,2.86
Javad,IRI,SETTER,27,204cm,16.15,0.0,6.92,0.76,13.72,11.5,0.0,90,2,193,7.5,0,0,0,0.0,1,6,34,0.08,5,10,8,0.42,21,9,8,1.75,1,2,1,0.08
Jendryk,USA,MIDDLE BLOCKER,30,208cm,20.61,21.47,14.1,1.49,0.0,7.92,0.24,0,0,13,0.0,1,0,5,0.08,2,8,88,0.17,10,28,33,0.83,19,5,17,1.58,44,7,22,3.67
Ji D.S.,CHN,OUTSIDE HITTER,33,194cm,23.76,15.51,5.19,3.01,0.37,5.59,22.06,6,1,26,0.46,41,12,119,3.15,3,26,71,0.23,5,15,14,0.38,20,11,24,1.54,67,30,95,5.15
Jiang C.,CHN,OPPOSITE SPIKER,31,205cm,35.65,35.7,8.79,16.89,0.08,6.18,0.0,2,0,12,0.15,0,1,3,0.0,8,21,66,0.62,7,16,17,0.54,16,11,5,1.23,94,41,58,7.23
John,GER,OPPOSITE SPIKER,24,204cm,87.49,91.85,7.59,49.42,0.0,28.31,1.72,0,0,16,0.0,4,1,9,0.33,17,38,107,1.42,7,24,42,0.58,47,20,26,3.92,186,57,133,15.5
Jovović,SRB,SETTER,33,197cm,36.49,1.75,2.44,1.03,39.59,13.05,0.63,128,2,170,16.0,1,0,2,0.12,1,2,43,0.12,2,9,12,0.25,18,8,11,2.25,5,1,5,0.62
Judson,BRA,MIDDLE BLOCKER,26,204cm,48.19,44.86,31.66,18.03,0.0,13.68,0.32,0,2,10,0.0,2,1,13,0.15,10,36,110,0.77,20,60,60,1.54,26,11,10,2.0,82,8,37,6.31
Kai,JPN,OUTSIDE HITTER,21,200cm,22.01,15.32,1.6,40.24,0.13,4.51,9.14,2,0,6,0.17,19,3,73,1.58,11,28,44,0.92,2,7,10,0.17,16,10,17,1.33,50,21,46,4.17
Karyagin,BUL,OUTSIDE HITTER,22,206cm,0.22,0.0,0.0,0.0,0.0,0.78,0.0,0,0,0,0.0,0,0,0,0.0,0,1,1,0.0,0,1,1,0.0,1,0,1,0.25,1,1,4,0.25
Keemink,NED,SETTER,32,197cm,29.58,2.95,5.99,0.4,31.39,4.83,0.0,178,3,372,14.83,0,0,3,0.0,1,5,98,0.08,5,12,16,0.42,20,16,20,1.67,10,1,8,0.83
Keihan,JPN,OPPOSITE SPIKER,21,193cm,11.98,14.31,3.41,0.0,0.0,0.0,0.0,0,0,1,0.0,0,0,0,0.0,0,3,8,0.0,1,1,3,0.25,3,4,0,0.75,13,6,7,3.25
Kirkit,TUR,OUTSIDE HITTER,24,194cm,0.0,0.0,0.0,0.0,0.0,0.0,0.0,0,0,1,0.0,0,1,3,0.0,0,0,8,0.0,0,1,0,0.0,2,1,0,0.33,1,2,4,0.17
Kisiliuk,UKR,OUTSIDE HITTER,30,197cm,3.4,1.74,0.0,9.6,0.0,1.02,0.77,0,0,6,0.0,3,2,21,0.38,2,8,8,0.25,0,5,0,0.0,3,0,6,0.38,8,6,8,1.0
Klok,NED,LIBERO,26,189cm,58.74,0.0,0.0,0.0,0.08,27.45,48.47,3,1,70,0.25,66,16,162,5.5,0,0,0,0.0,0,0,0,0.0,69,56,47,5.75,0,0,0,0.0
Knigge,USA,MIDDLE BLOCKER,29,201cm,22.76,5.94,25.34,4.08,0.04,2.46,0.19,1,0,7,0.08,1,0,8,0.08,3,19,50,0.25,14,33,23,1.17,9,2,14,0.75,22,9,19,1.83
Kochanowski,POL,MIDDLE BLOCKER,28,199cm,62.43,39.52,54.86,15.98,0.0,6.02,2.55,0,0,6,0.0,2,0,2,0.29,5,17,58,0.71,14,27,17,2.0,8,2,5,1.14,36,3,13,5.14
Kokeza,SRB,MIDDLE BLOCKER,21,205cm,0.07,0.0,0.0,0.0,0.0,0.78,0.0,0,0,0,0.0,1,0,0,0.25,0,1,2,0.0,0,5,1,0.0,1,0,1,0.25,1,1,1,0.25
Komenda,POL,SETTER,29,198cm,61.39,0.0,23.11,1.34,62.4,6.37,0.0,274,1,473,24.91,0,0,0,0.0,2,2,117,0.18,12,19,29,1.09,34,32,37,3.09,2,2,3,0.18
Koops,NED,OUTSIDE HITTER,24,190cm,100.0,45.17,3.54,20.61,0.24,56.25,100.0,5,0,48,0.42,106,17,211,8.83,10,47,101,0.83,4,25,16,0.33,75,23,41,6.25,122,33,138,10.17
Korenblek,NED,MIDDLE BLOCKER,23,215cm,4.24,2.33,1.8,7.46,0.0,0.18,0.39,0,0,2,0.0,1,0,2,0.08,2,10,6,0.17,2,7,5,0.17,1,0,1,0.08,10,3,10,0.83
Korreck,GER,MIDDLE BLOCKER,24,210cm,0.0,0.0,0.0,0.0,0.0,0.0,0.0,0,0,0,0.0,0,0,0,0.0,0,0,0,0.0,0,0,0,0.0,0,0,0,0.0,0,0,0,0.0
Koval,UKR,MIDDLE BLOCKER,26,198cm,5.05,4.67,3.71,0.75,0.11,1.4,0.0,1,0,0,0.08,0,0,2,0.0,1,15,35,0.08,4,18,18,0.33,5,1,5,0.42,13,1,8,1.08
Kovalov,UKR,OUTSIDE HITTER,29,190cm,53.26,42.87,44.42,12.36,0.0,12.1,24.81,0,0,43,0.0,45,15,148,3.75,7,21,86,0.58,19,20,23,1.58,31,17,29,2.58,111,41,96,9.25
Kovačič,SLO,LIBERO,33,186cm,61.25,0.0,0.0,0.0,0.17,37.04,42.1,5,1,66,0.36,66,17,145,4.71,0,1,0,0.0,0,0,0,0.0,83,56,51,5.93,0,0,0,0.0
Kozamernik,SLO,MIDDLE BLOCKER,29,204cm,60.5,21.01,64.46,7.86,0.06,7.43,8.55,2,1,14,0.13,11,0,9,0.73,8,18,177,0.53,34,48,60,2.27,29,14,41,1.93,61,12,39,4.07
Kozub,POL,SETTER,27,188cm,1.68,0.0,0.0,0.0,2.04,0.0,0.0,12,0,24,1.5,0,0,0,0.0,0,0,1,0.0,0,0,0,0.0,1,3,2,0.12,0,0,0,0.0
Krage,GER,MIDDLE BLOCKER,28,203cm,24.92,12.06,25.35,3.36,0.0,0.0,0.0,0,0,5,0.0,0,0,0,0.0,2,2,46,0.25,8,13,3,1.0,2,3,2,0.25,20,4,12,2.5
Krick,GER,MIDDLE BLOCKER,26,210cm,41.98,70.56,15.82,2.57,0.0,0.0,0.0,0,0,0,0.0,0,0,3,0.0,1,1,36,0.25,4,15,20,1.0,1,5,2,0.25,28,1,7,7.0
Kržič,SLO,MIDDLE BLOCKER,22,202cm,3.69,2.92,3.08,0.49,0.0,0.0,0.46,0,0,2,0.0,1,0,1,0.07,1,8,55,0.07,4,16,13,0.27,3,4,10,0.2,11,2,6,0.73
Kukartsev,ARG,OPPOSITE SPIKER,32,204cm,47.8,49.0,16.92,8.08,0.0,10.25,0.0,0,0,6,0.0,0,0,4,0.0,5,18,69,0.42,10,16,19,0.83,25,16,14,2.08,114,30,94,9.5
Kulpinac,SRB,OPPOSITE SPIKER,18,200cm,0.08,0.0,0.0,0.0,0.21,0.37,0.0,1,0,0,0.14,0,0,1,0.0,0,1,0,0.0,0,1,2,0.0,1,0,1,0.14,0,0,2,0.0
Kunstmann,GER,MIDDLE BLOCKER,22,201cm,4.6,4.18,2.98,1.46,0.0,2.98,0.0,0,0,0,0.0,0,0,1,0.0,1,6,24,0.12,2,4,8,0.25,5,2,2,0.62,12,6,11,1.5
L. Bergmann,BRA,OUTSIDE HITTER,21,204cm,32.58,28.58,9.24,5.79,0.02,15.45,18.74,1,0,29,0.07,48,16,189,3.2,6,28,132,0.4,9,31,24,0.6,44,24,34,2.93,107,41,109,7.13
Larry,JPN,MIDDLE BLOCKER,25,195cm,16.53,13.72,13.12,0.51,0.0,9.83,0.0,0,1,6,0.0,0,0,10,0.0,1,5,67,0.08,9,29,17,0.75,17,3,7,1.42,31,7,15,2.58
Laurenzano,ITA,LIBERO,22,176cm,32.49,0.0,0.0,0.0,0.03,34.14,7.86,1,0,29,0.12,13,4,59,1.62,0,0,0,0.0,0,0,0,0.0,31,19,7,3.88,0,0,0,0.0
Lavia,ITA,OUTSIDE HITTER,25,200cm,35.49,21.36,15.56,8.04,0.02,19.85,23.73,1,0,30,0.09,36,11,97,3.27,5,11,79,0.45,9,21,18,0.82,32,14,16,2.91,68,27,86,6.18
Le Goff,FRA,MIDDLE BLOCKER,33,206cm,24.49,17.26,21.0,2.24,0.0,11.39,0.0,0,0,1,0.0,0,0,0,0.0,1,3,30,0.2,5,12,7,1.0,6,1,1,1.2,19,5,14,3.8
Leon,POL,OUTSIDE HITTER,32,201cm,48.7,52.11,13.69,79.58,0.07,16.31,0.0,1,0,9,0.14,13,13,69,1.86,12,27,48,1.71,5,10,8,0.71,16,7,6,2.29,70,28,47,10.0
Li T. Y.,CHN,LIBERO,23,183cm,7.1,0.0,0.0,0.0,0.02,5.85,3.32,1,0,17,0.08,10,4,37,0.77,0,0,0,0.0,0,0,0,0.0,19,16,6,1.46,0,0,0,0.0
Li Y.Z.,CHN,MIDDLE BLOCKER,27,198cm,59.65,14.25,65.95,16.08,0.0,1.4,0.19,0,0,13,0.0,1,0,8,0.08,9,17,98,0.69,29,39,40,2.23,6,0,10,0.46,41,10,29,3.15
Lima B.,ARG,OPPOSITE SPIKER,29,198cm,16.52,23.26,0.0,0.0,0.0,0.0,0.0,0,0,0,0.0,0,0,1,0.0,0,11,8,0.0,0,7,2,0.0,1,3,2,0.25,19,2,16,4.75
Lipke,NED,LIBERO,22,180cm,1.49,0.0,0.0,0.0,0.0,1.92,0.0,0,0,1,0.0,0,0,0,0.0,0,0,0,0.0,0,0,0,0.0,2,1,1,0.5,0,0,0,0.0
Lopez,CUB,OUTSIDE HITTER,28,189cm,47.22,38.78,9.07,8.12,0.24,21.33,32.11,5,0,34,0.38,48,12,102,3.69,6,29,97,0.46,7,16,14,0.54,42,18,25,3.23,97,32,65,7.46
Loser Bruno,ARG,MIDDLE BLOCKER,27,198cm,80.28,35.29,84.68,5.07,0.0,7.9,0.0,0,0,9,0.0,1,1,4,0.08,5,34,150,0.42,34,54,59,2.83,23,13,23,1.92,74,10,49,6.17
Louati,FRA,OUTSIDE HITTER,33,198cm,43.83,26.97,2.07,26.88,0.04,6.17,40.9,1,0,15,0.11,39,7,82,4.33,8,22,59,0.89,2,15,6,0.22,16,13,10,1.78,52,19,37,5.78
Luburić,SRB,OPPOSITE SPIKER,31,202cm,49.2,52.63,7.14,21.94,0.02,12.18,0.0,1,0,24,0.08,0,2,1,0.0,10,36,91,0.83,6,12,27,0.5,28,15,19,2.33,136,59,114,11.33
Lucarelli,BRA,OUTSIDE HITTER,33,196cm,20.39,11.17,3.02,4.66,0.06,7.25,19.57,1,0,12,0.14,18,3,48,2.57,2,7,35,0.29,2,9,11,0.29,13,6,18,1.86,24,9,28,3.43
Luengas,ARG,OUTSIDE HITTER,29,197cm,10.34,8.68,3.24,10.48,0.04,6.66,2.35,1,0,7,0.08,8,3,44,0.67,4,10,23,0.33,3,7,7,0.25,15,7,7,1.25,27,11,18,2.25
Lui,CAN,LIBERO,25,177cm,2.44,0.0,0.0,0.0,0.03,0.0,3.15,1,0,12,0.08,5,0,8,0.42,0,0,0,0.0,0,0,0,0.0,15,24,3,1.25,0,0,0,0.0
M. Lagumdzija,TUR,OUTSIDE HITTER,24,207cm,17.27,18.82,9.55,5.57,0.09,15.6,0.0,2,0,13,0.17,10,10,88,0.83,4,14,66,0.33,7,22,12,0.58,26,10,10,2.17,60,28,52,5.0
Ma'a,USA,SETTER,28,192cm,47.66,2.36,8.7,8.02,48.59,9.95,0.0,165,1,306,20.62,0,0,1,0.0,4,14,77,0.5,5,10,31,0.62,23,17,29,2.88,7,2,8,0.88
Maase,GER,MIDDLE BLOCKER,27,208cm,44.83,53.7,28.85,0.0,0.06,8.84,0.0,1,0,6,0.12,3,3,16,0.38,0,13,97,0.0,11,28,29,1.38,14,7,9,1.75,60,7,28,7.5
Maciel,ARG,MIDDLE BLOCKER,23,205cm,0.0,0.0,0.0,0.0,0.0,0.0,0.0,0,0,0,0.0,0,0,0,0.0,0,0,0,0.0,0,0,0,0.0,0,0,0,0.0,0,0,0,0.0
Magnin,FRA,MIDDLE BLOCKER,21,200cm,5.58,1.51,3.41,8.4,0.0,3.35,0.0,0,0,0,0.0,0,0,1,0.0,2,4,10,0.25,2,1,7,0.25,5,1,2,0.62,4,0,4,0.5
Maicon,BRA,OUTSIDE HITTER,21,215cm,0.0,0.0,0.0,0.0,0.0,0.0,0.0,0,0,2,0.0,0,0,0,0.0,0,0,0,0.0,0,1,0,0.0,0,0,0,0.0,0,0,1,0.0
Maique,BRA,LIBERO,28,187cm,95.08,0.0,0.0,0.0,0.09,65.09,57.82,4,0,90,0.27,88,17,189,5.87,0,0,0,0.0,0,0,0,0.0,119,60,70,7.93,0,0,0,0.0
Mandıracı,TUR,OUTSIDE HITTER,23,206cm,69.0,66.72,19.43,100.0,0.02,14.54,14.45,1,1,38,0.08,33,12,145,2.75,26,28,110,2.17,12,29,29,1.0,40,28,36,3.33,149,41,124,12.42
Marovt,SLO,OUTSIDE HITTER,20,192cm,0.98,0.7,0.0,1.22,0.04,0.55,0.44,1,1,4,0.07,4,3,33,0.29,1,6,12,0.07,0,4,2,0.0,3,0,4,0.21,12,11,17,0.86
Marshman,USA,MIDDLE BLOCKER,31,201cm,0.0,0.0,0.0,0.0,0.0,0.0,0.0,0,0,0,0.0,0,0,0,0.0,0,0,0,0.0,0,0,0,0.0,0,0,0,0.0,0,0,0,0.0
Martinez Franchi,ARG,LIBERO,27,190cm,97.9,0.0,0.0,0.0,0.0,100.0,26.57,0,1,30,0.0,31,10,98,3.88,0,0,0,0.0,0,0,0,0.0,69,22,25,8.62,0,0,0,0.0
Martinez Gion,NED,OUTSIDE HITTER,35,197cm,10.04,5.65,6.22,0.0,0.12,0.0,9.67,1,0,1,0.12,12,2,36,1.5,0,3,19,0.0,3,7,3,0.38,7,7,4,0.88,16,8,16,2.0
Masso,CUB,OPPOSITE SPIKER,27,204cm,86.88,58.01,62.71,25.16,0.24,31.18,0.52,5,0,34,0.38,2,0,10,0.15,12,64,105,0.92,28,46,31,2.15,53,24,25,4.08,148,53,117,11.38
Matheus,BRA,MIDDLE BLOCKER,29,207cm,14.78,4.9,12.28,13.75,0.0,0.77,0.0,0,0,4,0.0,0,0,2,0.0,6,16,47,0.5,8,14,18,0.67,4,2,5,0.33,17,5,14,1.42
Matheus G.,BRA,SETTER,28,185cm,4.85,0.0,3.28,0.0,4.07,1.61,0.0,45,0,135,3.0,0,0,1,0.0,0,4,8,0.0,3,4,1,0.2,10,8,8,0.67,0,0,0,0.0
Matin,IRI,MIDDLE BLOCKER,24,201cm,4.16,9.96,0.0,0.0,0.0,0.0,0.0,0,0,0,0.0,0,0,2,0.0,0,6,9,0.0,0,14,11,0.0,2,0,0,0.4,9,3,3,1.8
Matić,TUR,MIDDLE BLOCKER,30,211cm,29.24,10.96,31.15,3.79,0.0,3.49,0.28,0,0,7,0.0,1,0,5,0.09,3,10,65,0.27,15,29,29,1.36,10,3,11,0.91,28,7,20,2.55
Mašulović N.,SRB,MIDDLE BLOCKER,29,205cm,40.5,22.84,40.74,0.0,0.52,3.78,0.0,6,1,13,0.5,1,1,10,0.08,0,12,78,0.0,20,33,44,1.67,12,4,14,1.0,47,8,24,3.92
Mašulović V.,SRB,OUTSIDE HITTER,22,198cm,46.01,41.68,13.65,4.52,0.0,11.29,31.56,0,0,19,0.0,45,20,152,5.0,3,24,70,0.33,7,22,15,0.78,23,18,12,2.56,79,29,64,8.78
McCarthy,CAN,MIDDLE BLOCKER,25,200cm,71.17,34.7,66.97,21.44,0.26,8.31,3.49,4,0,20,0.36,7,0,25,0.64,10,50,112,0.91,26,42,44,2.36,19,10,13,1.73,62,15,30,5.64
McHenry,USA,MIDDLE BLOCKER,24,200cm,43.69,18.5,45.3,4.42,0.0,9.95,0.0,0,1,7,0.0,0,1,3,0.0,3,7,61,0.3,17,21,29,1.7,19,7,15,1.9,34,1,22,3.4
Meier,GER,OUTSIDE HITTER,23,205cm,0.0,0.0,0.0,0.0,0.0,0.0,0.0,0,0,0,0.0,0,0,0,0.0,0,0,0,0.0,0,1,0,0.0,0,0,0,0.0,0,0,0,0.0
Meijs,NED,OPPOSITE SPIKER,23,202cm,12.48,11.59,3.5,8.93,0.05,0.0,0.0,1,0,4,0.08,0,0,0,0.0,4,19,30,0.33,3,5,6,0.25,8,9,6,0.67,39,18,32,3.25
Mergarejo,CUB,OUTSIDE HITTER,27,196cm,4.9,2.77,2.02,4.67,0.04,7.33,0.0,1,2,6,0.08,3,4,16,0.23,4,6,79,0.31,2,3,2,0.15,13,4,3,1.0,13,6,11,1.0
Miao R.T.,CHN,MIDDLE BLOCKER,30,205cm,5.02,2.84,4.16,2.84,0.0,0.0,0.0,0,0,2,0.0,0,0,1,0.0,1,0,15,0.17,2,9,4,0.33,0,0,2,0.0,6,2,6,1.0
Michieletto,ITA,OUTSIDE HITTER,23,211cm,83.0,63.01,37.48,96.93,0.37,19.79,31.28,6,0,44,0.55,46,6,161,4.18,25,35,121,2.27,15,15,16,1.36,42,30,26,3.82,127,29,106,11.55
Milanović,SRB,SETTER,20,194cm,0.14,0.0,0.0,0.0,0.17,0.0,0.0,1,0,5,0.25,0,0,0,0.0,0,1,0,0.0,0,0,0,0.0,0,0,0,0.0,0,0,0,0.0
Miwa,JPN,MIDDLE BLOCKER,25,192cm,4.38,6.3,2.33,0.0,0.0,0.0,0.0,0,0,1,0.0,0,2,1,0.0,0,1,19,0.0,1,7,5,0.25,3,3,4,0.75,7,1,7,1.75
Miyaura,JPN,OPPOSITE SPIKER,26,190cm,80.41,84.71,4.2,55.41,0.03,18.17,0.0,1,2,14,0.08,0,1,7,0.0,19,43,104,1.46,5,24,29,0.38,40,19,28,3.08,177,51,112,13.62
Mohammad,IRI,MIDDLE BLOCKER,24,204cm,35.74,35.38,25.27,3.94,0.04,11.06,0.89,1,0,9,0.09,3,2,7,0.27,4,7,138,0.36,14,43,35,1.27,20,8,10,1.82,59,13,25,5.36
Mohwinkel,GER,LIBERO,22,196cm,32.45,18.03,4.55,2.12,0.11,15.45,25.94,3,0,40,0.25,39,4,112,3.25,2,18,49,0.17,4,9,11,0.33,31,15,18,2.58,54,22,44,4.5
Morteza,IRI,OUTSIDE HITTER,26,193cm,81.85,53.41,12.08,76.22,0.09,23.88,54.88,2,0,22,0.2,61,11,162,6.1,18,33,85,1.8,7,19,16,0.7,33,14,16,3.3,98,31,68,9.8
Možič,SLO,OUTSIDE HITTER,23,200cm,63.63,53.92,31.8,18.01,0.07,23.37,32.47,3,1,55,0.2,68,19,222,4.53,11,49,110,0.73,20,33,33,1.33,55,16,49,3.67,167,56,150,11.13
Muhammed K.,TUR,SETTER,30,201cm,0.0,0.0,0.0,0.0,0.0,0.0,0.0,0,0,0,0.0,0,0,0,0.0,0,0,0,0.0,0,0,0,0.0,0,0,0,0.0,0,0,0,0.0
Mujanović,SLO,OPPOSITE SPIKER,20,206cm,36.64,36.1,7.75,17.42,0.0,12.54,0.0,0,0,11,0.0,0,1,5,0.0,8,25,47,0.53,8,23,28,0.53,27,10,10,1.8,110,35,83,7.33
Murayama,JPN,MIDDLE BLOCKER,27,192cm,14.76,7.3,12.14,9.35,0.0,2.98,0.0,0,0,1,0.0,0,0,4,0.0,3,5,27,0.38,5,10,5,0.62,4,1,1,0.5,12,2,6,1.5
Nachev,BUL,MIDDLE BLOCKER,21,206cm,0.0,0.0,0.0,0.0,0.0,0.0,0.0,0,0,0,0.0,0,0,0,0.0,0,0,0,0.0,0,0,0,0.0,0,0,0,0.0,0,0,0,0.0
Najdič,SLO,SETTER,19,193cm,17.71,0.14,0.95,1.54,19.53,4.54,0.0,152,2,335,10.13,0,0,1,0.0,2,19,51,0.13,2,11,16,0.13,18,8,20,1.2,1,0,1,0.07
Nalozhnyi,UKR,OUTSIDE HITTER,29,196cm,0.0,0.0,0.0,0.0,0.0,0.0,0.0,0,0,0,0.0,0,1,4,0.0,0,2,14,0.0,0,0,0,0.0,0,2,1,0.0,0,0,0,0.0
Nasevich,POL,OPPOSITE SPIKER,22,200cm,13.97,6.51,2.26,22.29,0.0,12.41,2.14,0,0,2,0.0,1,0,1,0.25,2,8,7,0.5,1,4,9,0.25,6,3,1,1.5,9,4,10,2.25
Nedeljković,SRB,MIDDLE BLOCKER,27,205cm,85.15,43.67,87.36,1.46,0.1,6.72,4.25,2,0,11,0.17,6,0,8,0.5,2,17,91,0.17,35,66,54,2.92,18,7,17,1.5,67,11,22,5.58
Negic,SRB,LIBERO,25,180cm,4.71,0.0,0.0,0.0,0.0,5.55,0.54,0,0,9,0.0,1,0,1,0.08,0,0,0,0.0,0,0,0,0.0,13,6,6,1.08,0,0,0,0.0
Nikolić,SRB,OPPOSITE SPIKER,24,206cm,5.93,6.91,0.55,2.73,0.05,0.0,0.0,1,0,3,0.08,0,0,0,0.0,2,16,32,0.17,1,4,7,0.08,4,11,12,0.33,25,8,25,2.08
Nishimoto,JPN,MIDDLE BLOCKER,26,188cm,11.04,14.52,6.04,0.94,0.0,1.62,0.8,0,0,3,0.0,1,0,1,0.11,1,3,43,0.11,4,17,9,0.44,4,1,3,0.44,20,2,7,2.22
Nishiyama,JPN,OPPOSITE SPIKER,22,193cm,8.97,9.53,0.97,6.23,0.22,0.0,0.0,2,0,3,0.22,1,0,0,0.11,2,7,13,0.22,1,7,0,0.11,2,3,5,0.22,22,7,17,2.44
Nowak J.,POL,MIDDLE BLOCKER,20,205cm,47.05,26.31,47.59,1.06,0.08,0.0,0.53,2,0,10,0.14,2,1,4,0.14,2,23,109,0.14,25,33,45,1.79,12,12,6,0.86,55,10,21,3.93
Ogawa,JPN,LIBERO,29,176cm,75.79,0.0,0.0,0.0,0.03,47.94,50.04,2,1,80,0.15,60,8,104,4.62,0,0,0,0.0,0,0,0,0.0,84,29,72,6.46,0,0,0,0.0
Okroglič,SLO,LIBERO,21,185cm,4.6,0.0,0.0,0.0,0.08,5.93,0.0,2,1,8,0.13,12,12,34,0.8,0,0,0,0.0,0,0,0,0.0,28,22,26,1.87,0,0,0,0.0
Onodera,JPN,MIDDLE BLOCKER,29,200cm,26.1,30.77,17.34,0.0,0.0,2.71,0.0,0,1,2,0.0,0,0,2,0.0,0,6,32,0.0,4,14,13,1.0,4,2,8,1.0,17,0,7,4.25
Otsuka,JPN,OUTSIDE HITTER,24,195cm,41.54,50.9,2.69,2.89,0.0,6.91,24.28,0,1,21,0.0,26,3,84,3.25,2,9,59,0.25,2,6,10,0.25,15,11,12,1.88,72,16,51,9.0
Oya,JPN,SETTER,30,178cm,30.85,0.25,0.0,0.46,36.04,5.42,0.0,203,5,334,15.62,0,0,1,0.0,1,7,79,0.08,0,7,19,0.0,27,24,23,2.08,2,0,4,0.15
Pace,ITA,LIBERO,25,180cm,16.92,0.0,0.0,0.0,0.0,11.86,10.02,0,1,11,0.0,14,2,27,1.27,0,0,0,0.0,0,0,0,0.0,11,1,1,1.0,0,0,0,0.0
Pajenk,SLO,MIDDLE BLOCKER,39,203cm,10.35,22.48,0.0,0.0,0.0,11.63,0.0,0,0,2,0.0,0,0,0,0.0,0,3,7,0.0,0,5,7,0.0,2,0,2,2.0,4,1,2,4.0
Palev,BUL,SETTER,22,188cm,16.13,0.17,1.45,0.51,18.02,3.21,0.0,106,1,181,8.83,0,0,3,0.0,1,8,66,0.08,2,6,16,0.17,11,8,6,0.92,1,0,1,0.08
Palonsky,ARG,OUTSIDE HITTER,26,198cm,71.35,69.68,13.79,21.01,0.23,32.69,36.12,5,0,50,0.42,59,16,192,4.92,11,51,130,0.92,10,39,26,0.83,56,24,38,4.67,159,24,166,13.25
Pampushko,UKR,LIBERO,23,180cm,1.19,0.0,0.0,0.0,0.09,0.0,1.51,1,0,3,0.12,2,0,4,0.25,0,0,0,0.0,0,0,0,0.0,11,1,0,1.38,0,0,0,0.0
Parkinson,NED,MIDDLE BLOCKER,33,203cm,31.96,2.14,39.63,0.0,0.0,10.56,4.91,0,0,0,0.0,1,0,1,0.5,0,0,9,0.0,3,2,6,1.5,3,1,1,1.5,3,2,7,1.5
Pasteur,USA,OUTSIDE HITTER,23,193cm,18.36,36.84,0.0,3.89,0.21,0.0,0.0,1,0,3,0.25,2,6,39,0.5,1,5,18,0.25,0,2,4,0.0,2,4,3,0.5,22,7,8,5.5
Patry,FRA,OPPOSITE SPIKER,28,207cm,0.0,0.0,0.0,0.0,0.0,0.0,0.0,0,0,0,0.0,0,0,0,0.0,0,0,0,0.0,0,0,0,0.0,0,0,0,0.0,0,0,0,0.0
Peng S.K.,CHN,MIDDLE BLOCKER,25,208cm,24.24,6.52,28.31,0.99,0.0,0.0,0.0,0,0,3,0.0,1,1,3,0.12,1,4,46,0.12,10,20,17,1.25,4,5,11,0.5,16,4,18,2.0
Perić,SRB,OUTSIDE HITTER,27,207cm,9.28,9.21,5.24,1.46,0.0,2.65,4.09,0,0,9,0.0,9,4,50,1.12,1,1,24,0.12,3,10,7,0.38,6,3,5,0.75,19,5,16,2.38
Peter,GER,OUTSIDE HITTER,28,197cm,6.1,3.57,0.49,5.23,0.03,3.71,3.82,1,0,9,0.08,10,3,39,0.83,3,17,33,0.25,1,7,8,0.08,10,5,5,0.83,17,7,22,1.42
Petkov,BUL,MIDDLE BLOCKER,28,200cm,16.2,2.64,19.74,0.62,0.0,1.3,0.0,0,1,4,0.0,0,0,3,0.0,1,4,48,0.08,11,19,17,0.92,5,1,6,0.42,10,1,10,0.83
Petkov,BUL,MIDDLE BLOCKER,28,200cm,16.2,2.64,19.74,0.62,0.0,1.3,0.0,0,1,4,0.0,0,0,3,0.0,1,4,48,0.08,11,19,17,0.92,5,1,6,0.42,10,1,10,0.83
Petkov,BUL,MIDDLE BLOCKER,21,207cm,16.2,2.64,19.74,0.62,0.0,1.3,0.0,0,1,4,0.0,0,0,3,0.0,1,4,48,0.08,11,19,17,0.92,5,1,6,0.42,10,1,10,0.83
Petkov,BUL,MIDDLE BLOCKER,21,207cm,16.2,2.64,19.74,0.62,0.0,1.3,0.0,0,1,4,0.0,0,0,3,0.0,1,4,48,0.08,11,19,17,0.92,5,1,6,0.42,10,1,10,0.83
Plak,NED,MIDDLE BLOCKER,28,198cm,19.72,18.68,9.29,19.3,0.0,0.0,1.35,0,0,4,0.0,2,0,5,0.25,5,15,33,0.62,5,20,14,0.62,2,6,8,0.25,20,4,5,2.5
Planinšič,SLO,SETTER,27,186cm,47.33,0.29,11.14,4.05,51.1,0.0,0.0,252,1,428,21.0,0,1,2,0.0,4,9,112,0.33,8,12,31,0.67,14,31,47,1.17,2,1,2,0.17
Poluian,UKR,OUTSIDE HITTER,27,198cm,9.66,12.34,5.81,0.76,0.0,3.81,1.5,0,1,6,0.0,9,7,57,0.75,1,12,34,0.08,4,4,5,0.33,12,5,12,1.0,41,16,38,3.42
Popiwczak,POL,LIBERO,29,180cm,48.06,0.0,0.0,0.0,0.04,59.3,2.82,1,0,32,0.14,13,12,71,1.86,0,0,0,0.0,0,0,0,0.0,46,14,26,6.57,0,0,0,0.0
Poriya,IRI,OUTSIDE HITTER,21,198cm,49.79,36.12,6.63,53.26,0.0,14.0,28.68,0,0,13,0.0,36,4,85,3.27,15,36,77,1.36,5,17,10,0.45,28,15,18,2.55,85,38,59,7.73
Porro L.,ITA,OUTSIDE HITTER,21,193cm,30.1,24.49,21.15,12.96,0.06,9.12,12.64,2,0,17,0.13,29,8,81,1.93,7,27,54,0.47,13,16,10,0.87,32,20,27,2.13,69,13,44,4.6
Poręba,POL,MIDDLE BLOCKER,26,205cm,32.7,25.23,28.89,1.87,0.0,0.0,0.0,0,1,8,0.0,0,1,2,0.0,2,8,60,0.17,15,28,24,1.25,10,10,2,0.83,38,5,10,3.17
Pothron,FRA,OUTSIDE HITTER,23,198cm,41.6,22.33,1.43,2.2,0.09,32.99,36.0,2,1,13,0.17,49,11,109,4.08,2,17,46,0.17,2,12,11,0.17,37,7,9,3.08,59,14,50,4.92
Qu Z.S.,CHN,LIBERO,26,186cm,58.58,0.0,0.0,0.0,0.13,25.77,49.93,4,2,58,0.31,71,16,165,5.46,0,0,0,0.0,0,0,0,0.0,69,54,49,5.31,0,0,0,0.0
Ramon,FRA,LIBERO,25,186cm,25.18,0.0,0.0,0.0,0.0,25.63,6.92,0,0,6,0.0,6,0,8,0.75,0,0,8,0.0,0,0,0,0.0,21,3,6,2.62,0,0,0,0.0
Ran,JPN,OUTSIDE HITTER,24,188cm,59.84,56.3,17.35,1.86,0.25,24.65,35.81,2,0,15,0.4,22,3,66,4.4,1,12,41,0.2,4,4,7,0.8,20,9,16,4.0,56,25,39,11.2
Rao S.H.,CHN,MIDDLE BLOCKER,28,205cm,10.42,4.76,10.78,0.61,0.04,2.08,0.0,1,1,5,0.08,0,1,6,0.0,1,3,49,0.08,8,17,18,0.62,9,6,7,0.69,14,0,9,1.08
Recine,ITA,OUTSIDE HITTER,26,186cm,1.86,0.0,6.49,0.0,0.0,0.0,0.0,0,0,3,0.0,0,0,5,0.0,0,0,1,0.0,1,0,0,0.25,0,0,0,0.0,0,1,2,0.0
Ristić,SRB,LIBERO,21,190cm,35.68,0.0,0.0,0.0,0.1,23.03,23.07,3,1,44,0.25,43,14,148,3.58,0,0,0,0.0,0,0,0,0.0,58,47,35,4.83,0,0,0,0.0
Robinson,USA,OUTSIDE HITTER,23,202cm,46.23,44.89,13.32,25.68,0.14,0.0,27.99,3,0,23,0.25,49,14,166,4.08,10,44,70,0.83,9,19,25,0.75,23,23,24,1.92,114,48,88,9.5
Romanò,ITA,OPPOSITE SPIKER,28,201cm,42.69,38.99,9.04,34.9,0.03,4.92,0.0,1,0,11,0.09,0,0,2,0.0,11,21,65,1.0,6,16,12,0.55,17,13,15,1.55,83,28,56,7.55
Rowan,USA,SETTER,22,201cm,20.85,0.0,11.28,0.0,18.56,7.85,0.0,80,0,196,10.0,0,0,0,0.0,0,11,28,0.0,5,7,12,0.62,11,6,4,1.38,0,1,4,0.0
Rychlicki,ITA,OPPOSITE SPIKER,28,204cm,41.76,30.27,8.09,44.77,0.0,22.62,0.23,0,1,17,0.0,1,0,4,0.07,17,31,83,1.13,8,26,19,0.53,44,15,19,2.93,108,37,107,7.2
Röhrs,GER,OUTSIDE HITTER,24,201cm,67.41,60.9,19.32,18.31,0.17,50.5,25.8,4,0,41,0.33,51,19,197,4.25,10,52,123,0.83,12,41,18,1.0,67,18,35,5.58,154,54,149,12.83
S. Nikolov,BUL,SETTER,18,209cm,56.33,7.59,20.23,48.15,38.53,14.09,0.0,199,1,461,18.09,0,0,4,0.0,14,36,75,1.27,11,20,27,1.0,31,13,34,2.82,25,7,27,2.27
Saadat,IRI,OPPOSITE SPIKER,23,205cm,34.55,29.76,18.71,10.88,0.0,3.06,0.0,0,0,7,0.0,0,3,4,0.0,5,14,42,0.42,10,15,10,0.83,11,7,9,0.92,62,18,31,5.17
Sabino,BRA,OPPOSITE SPIKER,23,201cm,0.0,0.0,0.0,0.0,0.0,0.0,0.0,0,0,0,0.0,0,0,0,0.0,0,0,0,0.0,0,0,0,0.0,0,0,0,0.0,2,0,0,2.0
Salazar,ARG,MIDDLE BLOCKER,21,202cm,6.11,4.0,5.91,0.0,0.0,0.0,0.0,0,0,2,0.0,0,0,1,0.0,0,3,14,0.0,1,7,4,0.5,1,2,1,0.5,3,2,2,1.5
Sanchez Pages,ARG,SETTER,28,175cm,67.83,0.47,0.39,3.66,75.88,22.38,0.0,346,5,556,28.83,0,0,9,0.0,4,17,133,0.33,1,15,12,0.08,44,24,28,3.67,3,0,6,0.25
Sanguinetti,ITA,MIDDLE BLOCKER,25,203cm,1.55,1.33,0.53,2.23,0.0,0.51,0.0,0,0,0,0.0,0,0,4,0.0,1,6,7,0.09,1,9,9,0.09,2,1,1,0.18,5,0,5,0.45
Sani,ITA,OUTSIDE HITTER,23,203cm,30.9,31.4,15.54,3.89,0.0,37.35,0.0,0,0,7,0.0,6,9,38,1.5,1,7,18,0.25,3,4,5,0.75,14,5,3,3.5,27,7,24,6.75
Sasak,POL,OPPOSITE SPIKER,28,208cm,52.75,46.21,21.25,25.56,0.23,9.98,0.0,5,0,26,0.33,0,0,2,0.0,15,49,149,1.0,16,41,36,1.07,40,32,30,2.67,141,35,130,9.4
Sato,JPN,MIDDLE BLOCKER,25,204cm,20.36,15.27,16.28,6.39,0.09,1.27,0.55,2,0,10,0.15,2,0,9,0.15,5,10,85,0.38,12,29,42,0.92,8,5,17,0.62,40,5,27,3.08
Savaş,TUR,MIDDLE BLOCKER,30,205cm,15.98,7.61,15.28,0.0,0.0,14.56,1.35,0,0,4,0.0,2,0,2,0.17,0,7,33,0.0,10,20,28,0.83,13,0,1,1.08,23,3,20,1.92
Sbertoli,ITA,SETTER,27,188cm,20.23,0.0,1.59,0.8,23.59,0.0,0.0,110,0,125,10.0,0,0,0,0.0,1,3,39,0.09,2,15,6,0.18,11,14,9,1.0,0,0,1,0.0
Scarpa,ARG,LIBERO,23,186cm,0.0,0.0,0.0,0.0,0.0,0.0,0.0,0,0,0,0.0,0,0,0,0.0,0,0,0,0.0,0,0,0,0.0,0,0,0,0.0,0,0,0,0.0
Schnitzer,CAN,MIDDLE BLOCKER,26,198cm,6.93,5.85,5.41,0.95,0.0,2.26,0.0,0,0,4,0.0,1,1,3,0.1,1,15,35,0.1,4,11,14,0.4,5,2,2,0.5,16,5,12,1.6
Sclater,CAN,OPPOSITE SPIKER,31,200cm,27.84,21.93,14.03,6.04,0.0,17.88,0.44,0,0,4,0.0,1,0,4,0.12,3,12,56,0.38,6,15,10,0.75,18,8,5,2.25,42,16,35,5.25
Semeniuk,POL,OUTSIDE HITTER,29,195cm,47.14,43.85,4.07,21.48,0.06,15.26,28.86,2,0,44,0.18,37,7,84,3.36,9,19,83,0.82,4,15,23,0.36,32,18,24,2.91,93,20,77,8.45
Semeniuk,UKR,MIDDLE BLOCKER,31,210cm,100.0,51.8,100.0,10.73,0.1,5.78,0.88,2,0,12,0.17,4,2,23,0.33,8,20,162,0.67,37,55,47,3.08,19,7,32,1.58,97,16,55,8.08
Shchytkov,UKR,SETTER,33,186cm,43.89,1.51,3.24,5.12,47.48,10.46,0.0,239,3,417,19.92,0,0,2,0.0,4,21,76,0.33,4,25,27,0.33,26,16,17,2.17,6,2,4,0.5
Shimokawa,JPN,SETTER,25,178cm,16.77,0.0,0.0,0.0,18.98,6.23,0.0,17,0,21,8.5,0,0,0,0.0,0,0,7,0.0,0,1,1,0.0,2,0,1,1.0,0,0,0,0.0
Shoji,USA,LIBERO,36,184cm,23.54,0.0,0.0,0.0,0.0,12.37,18.07,0,0,30,0.0,16,3,37,2.29,0,0,0,0.0,0,0,0,0.0,21,16,16,3.0,0,0,0,0.0
Simón,CUB,MIDDLE BLOCKER,38,208cm,84.01,52.94,72.46,22.82,0.0,17.14,4.0,0,1,17,0.0,3,0,7,0.6,5,14,60,1.0,13,18,32,2.6,13,4,8,2.6,33,3,12,6.6
Soshi,JPN,LIBERO,25,178cm,8.64,0.0,0.0,0.0,0.0,7.89,3.28,0,0,3,0.0,5,1,15,0.62,0,0,0,0.0,0,0,0,0.0,9,4,2,1.12,0,0,0,0.0
Stefanović,SRB,MIDDLE BLOCKER,26,200cm,6.66,5.04,5.72,0.0,0.0,1.33,1.74,0,0,0,0.0,2,0,3,0.25,0,1,13,0.0,3,6,7,0.38,4,2,5,0.5,9,1,5,1.12
Strehlau,FRA,OUTSIDE HITTER,21,199cm,0.0,0.0,0.0,0.0,0.0,0.0,0.0,0,0,0,0.0,0,0,0,0.0,0,0,0,0.0,0,0,0,0.0,0,0,0,0.0,1,0,0,0.25
Synytsia,UKR,SETTER,32,194cm,26.01,1.09,7.68,3.6,25.47,5.63,0.0,99,3,201,12.38,0,0,1,0.0,2,7,41,0.25,4,11,10,0.5,10,4,8,1.25,3,1,2,0.38
Szalpuk,POL,OUTSIDE HITTER,30,201cm,37.07,29.8,20.56,4.18,0.05,13.13,21.59,2,1,32,0.14,46,17,138,3.29,4,24,84,0.29,13,19,20,0.93,36,24,20,2.57,94,27,88,6.71
Szymura,POL,OUTSIDE HITTER,30,196cm,53.47,26.16,20.66,9.13,0.0,7.05,54.57,0,0,14,0.0,22,4,46,5.5,2,7,31,0.5,4,5,11,1.0,8,6,7,2.0,25,9,23,6.25
T. Štern,SLO,OPPOSITE SPIKER,29,200cm,37.49,40.78,6.97,12.94,0.02,7.64,0.44,1,0,18,0.07,2,1,5,0.13,9,40,109,0.6,8,24,45,0.53,37,31,34,2.47,137,58,116,9.13
Tatarov,BUL,OUTSIDE HITTER,22,198cm,9.95,4.82,12.81,4.73,0.0,7.11,1.8,0,0,7,0.0,8,5,45,0.67,3,6,39,0.25,8,23,5,0.67,16,5,10,1.33,24,16,22,2.0
Telkiyski,BUL,SETTER,24,197cm,0.0,0.0,0.0,0.0,0.0,0.0,0.0,0,0,0,0.0,0,0,0,0.0,0,0,0,0.0,0,0,0,0.0,0,0,0,0.0,0,0,0,0.0
Tevkun,UKR,OPPOSITE SPIKER,37,205cm,0.0,0.0,0.0,0.0,0.0,0.0,0.0,0,0,1,0.0,0,0,0,0.0,0,0,1,0.0,0,1,0,0.0,0,1,2,0.0,1,1,3,0.12
Thiago,CUB,MIDDLE BLOCKER,21,194cm,1.88,0.0,2.5,0.0,0.0,0.0,0.0,0,0,0,0.0,0,0,0,0.0,0,0,0,0.0,1,0,0,0.12,0,0,0,0.0,1,0,0,0.12
Thiery,BRA,MIDDLE BLOCKER,22,204cm,7.68,0.33,8.2,5.5,0.0,0.0,0.0,0,0,0,0.0,0,0,2,0.0,2,0,16,0.22,4,3,7,0.44,0,1,1,0.0,3,2,8,0.33
Thondike,CUB,SETTER,24,190cm,18.99,0.32,10.0,2.05,17.31,2.47,0.0,122,3,290,9.38,0,0,2,0.0,2,13,41,0.15,7,9,13,0.54,14,12,13,1.08,4,3,7,0.31
Tille,GER,SETTER,28,186cm,29.87,0.41,0.0,1.63,32.87,12.42,0.0,88,1,154,14.67,0,0,0,0.0,1,10,38,0.17,0,4,15,0.0,15,7,14,2.5,1,0,1,0.17
Tizi-Oualou,FRA,SETTER,19,197cm,57.88,12.49,13.65,12.99,55.74,6.13,0.0,200,3,317,22.22,0,0,3,0.0,5,24,53,0.56,7,20,17,0.78,16,11,17,1.78,17,3,5,1.89
Todorović,SRB,SETTER,27,190cm,30.43,3.38,2.38,1.59,32.06,11.48,0.0,187,1,439,15.58,0,3,1,0.0,2,9,79,0.17,3,17,17,0.25,31,20,26,2.58,7,0,2,0.58
Todua,UKR,MIDDLE BLOCKER,33,208cm,30.92,6.46,35.98,1.86,0.11,8.56,0.0,2,0,9,0.17,2,2,26,0.17,2,26,61,0.17,19,44,42,1.58,19,6,13,1.58,23,5,25,1.92
Tomita,JPN,OUTSIDE HITTER,28,190cm,38.45,18.1,0.38,9.33,0.0,12.39,42.49,0,1,29,0.0,50,7,77,3.85,6,23,77,0.46,1,17,12,0.08,30,8,30,2.31,56,17,48,4.31
Toniutti,FRA,SETTER,35,183cm,4.83,0.0,0.0,0.0,5.86,0.0,0.0,16,0,20,3.2,0,0,0,0.0,0,0,1,0.0,0,0,0,0.0,1,2,1,0.2,0,0,0,0.0
Torwie,GER,MIDDLE BLOCKER,23,203cm,53.6,16.19,58.22,10.84,0.04,4.66,0.0,1,0,5,0.08,2,2,17,0.17,7,41,107,0.58,26,44,51,2.17,18,11,27,1.5,40,11,24,3.33
Tuinstra,NED,OUTSIDE HITTER,25,200cm,39.82,28.55,2.66,14.42,0.14,3.62,37.71,3,0,24,0.25,53,11,133,4.42,8,27,99,0.67,3,13,12,0.25,25,24,21,2.08,93,48,91,7.75
Tupchii,UKR,OPPOSITE SPIKER,33,194cm,79.0,75.4,30.4,22.18,0.07,18.7,0.0,2,0,22,0.17,0,0,2,0.0,12,37,151,1.0,16,30,31,1.33,42,17,47,3.5,157,46,113,13.08
Tümer,TUR,MIDDLE BLOCKER,24,204cm,0.0,0.0,0.0,0.0,0.0,0.0,0.0,0,0,0,0.0,1,0,0,0.09,0,6,6,0.0,0,4,2,0.0,0,0,0,0.0,3,0,0,0.27
Urnaut,SLO,OUTSIDE HITTER,37,200cm,21.95,22.82,20.51,9.92,0.0,6.68,2.38,0,0,12,0.0,4,2,45,1.0,2,3,27,0.5,3,2,1,0.75,8,6,8,2.0,23,12,17,5.75
Uryvkin,UKR,OPPOSITE SPIKER,24,197cm,0.88,1.24,0.0,0.0,0.0,0.0,0.0,0,0,0,0.0,0,0,0,0.0,0,1,1,0.0,0,0,1,0.0,1,0,0,0.25,2,0,3,0.5
Van Der Ent,NED,MIDDLE BLOCKER,27,208cm,47.5,26.77,46.11,4.34,0.0,5.53,1.66,0,0,7,0.0,3,0,5,0.25,4,23,100,0.33,21,34,32,1.75,14,6,9,1.17,58,12,34,4.83
Varga,CAN,OUTSIDE HITTER,22,200cm,31.03,25.57,12.85,17.97,0.03,6.69,17.05,1,0,15,0.1,26,8,78,2.6,6,21,42,0.6,7,14,15,0.7,21,18,14,2.1,62,22,59,6.2
Vicentin,ARG,OUTSIDE HITTER,25,197cm,40.7,18.9,17.56,11.64,0.0,17.57,33.81,0,0,28,0.0,52,12,150,4.33,6,22,62,0.5,10,17,14,0.83,37,17,29,3.08,68,40,61,5.67
Vinčić,SLO,SETTER,39,200cm,7.96,0.0,0.0,0.0,9.07,2.65,0.0,38,2,52,4.75,0,0,0,0.0,0,0,8,0.0,0,4,3,0.0,6,3,5,0.75,0,0,0,0.0
Wang B.,CHN,OUTSIDE HITTER,24,195cm,15.5,17.68,4.7,10.33,0.0,0.0,6.51,0,1,13,0.0,20,9,93,1.54,6,24,65,0.46,4,11,3,0.31,19,25,19,1.46,65,27,70,5.0
Wang H.B.,CHN,SETTER,26,188cm,14.57,0.17,0.0,2.48,16.82,0.0,0.0,117,3,262,9.0,0,0,1,0.0,3,1,98,0.23,0,6,6,0.0,16,17,16,1.23,1,0,1,0.08
Wassenaar Ketrzynski,CAN,OPPOSITE SPIKER,25,208cm,47.24,48.5,11.14,20.53,0.0,7.78,0.35,0,1,12,0.0,2,1,15,0.17,9,23,76,0.75,8,15,28,0.67,27,22,20,2.25,109,28,83,9.08
Wen Z. H.,CHN,OPPOSITE SPIKER,25,201cm,28.55,27.91,10.78,11.17,0.0,0.0,0.0,0,0,16,0.0,0,0,3,0.0,6,15,57,0.46,8,19,16,0.62,17,18,15,1.31,88,37,78,6.77
Wijkstra,NED,OUTSIDE HITTER,23,205cm,0.46,0.0,1.61,0.0,0.0,0.0,0.0,0,0,1,0.0,0,0,5,0.0,0,1,0,0.0,1,2,0,0.12,0,0,0,0.0,1,1,2,0.12
Wiltenburg,NED,MIDDLE BLOCKER,28,205cm,39.48,5.12,48.94,1.87,0.05,0.51,0.67,1,0,3,0.08,2,1,4,0.17,2,10,60,0.17,21,24,30,1.75,4,3,7,0.33,17,3,15,1.42
Yamamoto,JPN,LIBERO,30,171cm,8.74,0.0,0.0,0.0,0.0,5.55,5.75,0,0,3,0.0,4,0,9,0.8,0,0,0,0.0,0,0,0,0.0,5,2,2,1.0,0,0,0,0.0
Yamauchi,JPN,MIDDLE BLOCKER,31,204cm,0.0,0.0,0.0,0.0,0.0,0.0,0.0,0,0,0,0.0,0,0,0,0.0,0,0,0,0.0,0,0,0,0.0,0,0,0,0.0,0,0,0,0.0
Yamazaki,JPN,OUTSIDE HITTER,27,190cm,12.21,8.0,0.86,14.02,0.0,3.55,7.75,0,0,4,0.0,12,2,42,1.33,4,13,24,0.44,1,5,5,0.11,8,3,7,0.89,25,10,33,2.78
Yanchuk,UKR,OUTSIDE HITTER,26,197cm,59.38,74.79,8.37,50.46,0.06,26.74,6.87,2,0,36,0.17,30,21,219,2.5,18,39,121,1.5,7,28,22,0.58,43,14,24,3.58,165,51,133,13.75
Yant,CUB,OUTSIDE HITTER,24,204cm,99.9,100.0,44.68,31.38,0.16,49.8,33.22,4,1,38,0.31,58,11,196,4.46,16,40,165,1.23,23,40,44,1.77,72,18,39,5.54,219,76,152,16.85
Yenipazar,TUR,SETTER,32,194cm,58.52,0.36,16.84,3.69,55.77,29.19,0.0,290,0,632,24.17,0,1,0,0.0,4,25,131,0.33,11,23,36,0.92,50,28,24,4.17,4,2,13,0.33
Yevstratov,UKR,SETTER,32,190cm,17.19,0.0,9.18,3.65,14.77,3.63,0.0,30,0,52,7.5,0,0,0,0.0,1,0,20,0.25,2,2,4,0.5,5,4,4,1.25,0,0,3,0.0
Young,CAN,OUTSIDE HITTER,24,195cm,17.76,12.42,7.17,11.74,0.03,11.68,7.29,1,1,14,0.08,19,8,79,1.58,5,15,37,0.42,5,14,2,0.42,23,8,13,1.92,41,15,39,3.42
Yousef,IRI,MIDDLE BLOCKER,22,207cm,8.89,3.15,9.5,1.06,0.0,1.65,0.44,0,1,5,0.0,1,0,2,0.09,1,6,24,0.09,6,15,9,0.55,4,2,1,0.36,12,4,12,1.09
Yu Y.C.,CHN,SETTER,30,195cm,41.19,0.49,11.1,0.5,42.08,12.26,0.0,234,3,407,18.0,0,0,5,0.0,1,5,68,0.08,8,14,18,0.62,35,18,39,2.69,4,2,6,0.31
Yu Y.T.,CHN,OUTSIDE HITTER,27,186cm,27.51,24.92,1.21,4.65,0.06,19.29,15.42,2,3,32,0.17,35,14,147,2.92,4,24,89,0.33,2,24,12,0.17,38,15,29,3.17,80,33,87,6.67
Yüksel,TUR,OUTSIDE HITTER,21,204cm,0.43,0.0,0.0,0.0,0.04,1.47,0.0,1,0,8,0.09,2,3,12,0.18,0,5,19,0.0,0,10,10,0.0,4,1,2,0.36,11,11,21,1.0
Z. Štern,SLO,OUTSIDE HITTER,31,193cm,25.74,25.7,1.14,20.19,0.46,16.69,7.77,6,1,25,0.55,23,15,99,2.09,9,19,92,0.82,2,22,29,0.18,34,19,25,3.09,70,23,73,6.36
Zaleszczyk,POL,MIDDLE BLOCKER,23,205cm,0.0,0.0,0.0,0.0,0.0,0.0,0.0,0,0,0,0.0,0,0,0,0.0,0,0,1,0.0,0,0,0,0.0,0,0,0,0.0,0,0,0,0.0
Zerba,ARG,MIDDLE BLOCKER,26,203cm,24.04,14.3,18.96,12.71,0.0,4.32,3.44,0,0,4,0.0,4,0,3,0.33,7,14,82,0.58,11,22,19,0.92,12,4,10,1.0,35,4,24,2.92
Zhai D.J.,CHN,OUTSIDE HITTER,25,195cm,3.45,4.87,1.83,0.0,0.0,2.09,0.0,0,0,9,0.0,8,11,45,0.62,0,12,25,0.0,2,3,4,0.15,11,9,9,0.85,22,7,27,1.69
Zhang Z.J.,CHN,MIDDLE BLOCKER,30,207cm,11.06,10.76,8.31,0.8,0.03,1.5,0.0,1,0,10,0.08,0,0,0,0.0,1,5,31,0.08,7,19,20,0.54,6,1,7,0.46,25,3,11,1.92
Zhelev,BUL,OUTSIDE HITTER,23,197cm,2.49,0.0,0.0,0.0,0.0,6.97,0.85,0,0,7,0.0,2,0,5,0.17,0,0,1,0.0,0,0,0,0.0,20,16,8,1.67,0,0,0,0.0
Zimmermann,GER,SETTER,32,190cm,41.07,1.37,8.2,1.22,40.96,20.47,0.0,230,0,547,19.17,0,1,3,0.0,2,11,123,0.17,7,13,40,0.58,47,35,26,3.92,5,0,4,0.42
de Groot,NED,OUTSIDE HITTER,20,190cm,0.87,0.0,0.0,0.0,0.0,0.0,1.51,0,0,1,0.0,1,0,2,0.25,0,3,2,0.0,0,0,1,0.0,0,0,2,0.0,1,1,1,0.25
Śliwka,POL,OUTSIDE HITTER,30,196cm,18.1,16.1,2.98,4.34,0.0,2.75,13.85,0,0,7,0.0,8,4,14,2.0,1,3,15,0.25,1,3,3,0.25,5,4,8,1.25,16,6,13,4.0
Šen,SLO,OUTSIDE HITTER,23,192cm,0.13,0.18,0.0,0.0,0.0,0.15,0.0,0,0,2,0.0,3,3,6,0.3,0,3,6,0.0,0,1,0,0.0,1,0,3,0.1,2,1,8,0.2
Štalekar,SLO,MIDDLE BLOCKER,29,214cm,20.26,16.12,16.24,4.26,0.0,3.04,0.12,0,0,6,0.0,1,0,15,0.07,5,8,129,0.33,14,40,47,0.93,15,11,12,1.0,49,9,32,3.27
