Player Name,Team,Position,positional_rating,rating_att,att_eff,att_vol,att_raw,rating_blk,blk_eff,blk_vol,blk_raw,rating_serv,serv_eff,serv_vol,serv_raw,rating_set,set_eff,set_vol,set_raw,rating_def,def_eff,def_vol,def_raw,rating_recv,recv_eff,recv_vol,recv_raw
A. Lagumdzija,TUR,OPPOSITE SPIKER,84.76,72.08,0.65,0.89,0.7,18.06,0.14,0.32,0.11,36.12,0.12,0.55,0.14,0.18,0.2,0.01,0.0,70.11,2.2,0.69,0.85,0.0,0.0,0.03,0.0
A. Nikolov,BUL,OUTSIDE HITTER,84.21,87.52,0.99,0.88,0.85,29.61,0.24,0.41,0.17,46.18,0.16,0.59,0.18,0.35,0.14,0.01,0.0,44.94,1.42,0.56,0.55,21.25,0.14,0.43,0.14
Adamczyk,POL,MIDDLE BLOCKER,17.61,13.09,1.25,0.16,0.13,15.05,0.23,0.24,0.09,3.36,0.04,0.11,0.01,0.0,0.0,0.0,0.0,0.0,-0.5,0.06,0.0,0.0,0.0,0.0,0.0
Adriano,BRA,OUTSIDE HITTER,3.81,0.82,0.1,0.05,0.01,0.57,0.14,0.02,0.0,5.94,0.1,0.12,0.02,0.0,0.0,0.0,0.0,2.17,0.75,0.07,0.03,2.62,0.18,0.07,0.02
Ahyi,NED,OPPOSITE SPIKER,67.67,76.03,0.94,0.8,0.74,26.27,0.22,0.38,0.15,3.33,0.04,0.11,0.01,0.07,0.08,0.01,0.0,0.0,-0.1,0.31,0.0,0.0,0.0,0.0,0.0
Alan,BRA,OPPOSITE SPIKER,100.0,91.71,1.14,0.86,0.89,48.49,0.24,0.59,0.29,14.05,0.07,0.32,0.06,0.09,0.11,0.01,0.0,29.64,1.17,0.43,0.36,0.0,0.0,0.01,0.0
Alexandre,BRA,LIBERO,0.0,0.0,0.0,0.0,0.0,0.0,0.0,0.0,0.0,0.0,0.0,0.0,0.0,0.0,0.0,0.0,0.0,0.0,0.0,0.0,0.0,0.0,0.0,0.0,0.0
Alonso,CUB,MIDDLE BLOCKER,18.63,8.4,1.11,0.12,0.08,19.95,0.18,0.32,0.12,0.0,0.0,0.0,0.0,0.06,0.33,0.0,0.0,1.51,0.43,0.06,0.02,0.0,-0.25,0.02,0.0
Amin,IRI,OPPOSITE SPIKER,78.49,80.62,0.97,0.82,0.78,12.5,0.12,0.26,0.07,29.23,0.11,0.48,0.12,0.4,0.18,0.01,0.0,39.11,1.6,0.49,0.48,0.0,-0.14,0.01,0.0
Antov,BUL,OPPOSITE SPIKER,37.47,42.06,0.9,0.49,0.41,5.03,0.1,0.14,0.03,14.1,0.1,0.26,0.06,0.04,0.14,0.0,0.0,10.97,0.53,0.26,0.13,0.0,0.0,0.0,0.0
Anzani,ITA,MIDDLE BLOCKER,37.79,16.49,1.4,0.19,0.16,40.03,0.18,0.56,0.24,1.37,0.02,0.08,0.01,0.03,0.08,0.0,0.0,5.4,0.64,0.14,0.07,0.48,0.11,0.02,0.0
Ariakhah,IRI,OPPOSITE SPIKER,7.99,6.53,1.33,0.09,0.06,6.49,1.0,0.08,0.04,0.0,0.0,0.0,0.0,0.0,0.0,0.0,0.0,0.0,0.0,0.03,0.0,0.0,0.0,0.0,0.0
Arman,IRI,LIBERO,55.75,0.0,0.0,0.0,0.0,0.0,0.0,0.0,0.0,0.0,0.0,0.0,0.0,0.06,0.05,0.01,0.0,31.7,1.71,0.41,0.39,40.36,0.63,0.4,0.26
Armoa Morel,ARG,OUTSIDE HITTER,13.04,6.64,0.6,0.13,0.06,9.18,0.25,0.16,0.05,0.0,0.0,0.0,0.0,0.06,0.12,0.0,0.0,0.0,-1.0,0.1,0.0,12.62,0.28,0.21,0.08
Arshia,IRI,SETTER,54.22,0.67,0.3,0.02,0.01,5.2,0.11,0.14,0.03,0.44,0.01,0.04,0.0,54.52,0.37,0.66,0.37,21.43,1.13,0.34,0.26,0.0,-1.0,0.0,0.0
Arthur,BRA,OUTSIDE HITTER,13.7,15.64,1.36,0.18,0.15,4.51,0.2,0.1,0.03,2.12,0.05,0.07,0.01,0.04,0.17,0.0,0.0,7.67,1.71,0.14,0.09,4.07,0.13,0.11,0.03
Asparuhov,BUL,OUTSIDE HITTER,28.03,22.31,0.62,0.34,0.22,12.84,0.16,0.24,0.08,0.46,0.01,0.04,0.0,0.0,0.0,0.0,0.0,10.27,0.5,0.25,0.12,18.6,0.17,0.36,0.12
Atanasov,BUL,OUTSIDE HITTER,11.3,7.99,0.5,0.16,0.08,3.1,0.16,0.08,0.02,9.31,0.14,0.15,0.04,0.0,0.0,0.0,0.0,2.13,0.5,0.07,0.03,7.33,0.18,0.16,0.05
B. Bayraktar,TUR,LIBERO,64.22,0.0,0.0,0.0,0.0,0.0,0.0,0.0,0.0,0.0,0.0,0.0,0.0,0.08,0.04,0.01,0.0,54.86,1.05,0.72,0.67,28.15,0.18,0.5,0.18
Bak,NED,OUTSIDE HITTER,1.17,0.43,0.12,0.02,0.0,0.77,0.2,0.03,0.0,0.0,0.0,0.0,0.0,0.0,0.0,0.0,0.0,1.63,0.67,0.06,0.02,0.48,0.12,0.02,0.0
Balaso,ITA,LIBERO,64.73,0.0,0.0,0.0,0.0,0.0,0.0,0.0,0.0,0.0,0.0,0.0,0.0,0.02,0.03,0.0,0.0,40.47,0.78,0.63,0.49,43.21,0.37,0.53,0.28
Bayram,TUR,OUTSIDE HITTER,15.95,15.25,1.07,0.2,0.15,5.35,0.25,0.11,0.03,0.0,0.0,0.0,0.0,0.0,0.0,0.0,0.0,11.02,1.17,0.2,0.13,6.93,0.19,0.15,0.05
Bedirhan,TUR,MIDDLE BLOCKER,46.75,42.65,2.19,0.35,0.41,32.19,0.16,0.49,0.19,13.04,0.07,0.3,0.05,0.02,0.04,0.0,0.0,10.15,0.81,0.21,0.12,7.81,0.48,0.11,0.05
Bednorz,POL,OUTSIDE HITTER,16.13,7.47,0.88,0.12,0.07,9.06,0.5,0.13,0.05,0.0,0.0,0.0,0.0,0.0,0.0,0.0,0.0,2.43,1.0,0.07,0.03,16.16,0.39,0.23,0.1
Berkhout,NED,SETTER,29.3,0.22,0.29,0.01,0.0,1.51,0.09,0.06,0.01,0.49,0.01,0.04,0.0,31.89,0.36,0.43,0.21,0.0,-0.25,0.15,0.0,0.0,0.0,0.0,0.0
Bisset,CUB,OPPOSITE SPIKER,4.85,4.8,0.77,0.09,0.05,1.18,0.07,0.05,0.01,0.0,0.0,0.0,0.0,0.34,0.4,0.01,0.0,3.17,1.75,0.07,0.04,0.39,0.5,0.01,0.0
Boiko,UKR,LIBERO,79.58,0.0,0.0,0.0,0.0,0.0,0.0,0.0,0.0,0.0,0.0,0.0,0.0,0.07,0.03,0.01,0.0,53.08,0.73,0.79,0.65,49.79,0.3,0.64,0.32
Boninfante,ITA,SETTER,0.87,0.0,0.0,0.01,0.0,0.0,0.0,0.0,0.0,0.0,0.0,0.0,0.0,0.63,0.08,0.03,0.0,1.63,0.67,0.06,0.02,0.0,0.0,0.0,0.0
Bottolo,ITA,OUTSIDE HITTER,17.92,12.39,0.74,0.19,0.12,9.01,0.29,0.15,0.05,3.49,0.07,0.09,0.01,0.02,0.08,0.0,0.0,6.26,1.62,0.12,0.08,12.14,0.38,0.18,0.08
Bovolenta,ITA,OPPOSITE SPIKER,19.65,19.78,0.88,0.27,0.19,2.49,0.09,0.08,0.01,4.18,0.06,0.11,0.02,0.0,0.0,0.0,0.0,14.26,1.67,0.22,0.17,0.0,0.0,0.0,0.0
Bozhilov,BUL,LIBERO,26.62,0.0,0.0,0.0,0.0,0.0,0.0,0.0,0.0,0.0,0.0,0.0,0.0,0.1,0.06,0.01,0.0,8.44,0.45,0.22,0.1,25.95,0.21,0.43,0.17
Bołądź,POL,OPPOSITE SPIKER,9.32,7.99,1.0,0.12,0.08,7.09,0.21,0.14,0.04,0.0,0.0,0.0,0.0,0.0,0.0,0.0,0.0,0.0,0.0,0.05,0.0,0.0,0.0,0.0,0.0
Brand,GER,OUTSIDE HITTER,47.73,45.85,0.78,0.56,0.44,22.26,0.17,0.36,0.13,2.47,0.03,0.11,0.01,0.0,0.0,0.0,0.0,33.89,1.38,0.46,0.41,16.15,0.1,0.4,0.1
Bračko,SLO,OUTSIDE HITTER,10.2,9.7,0.7,0.16,0.09,0.9,0.06,0.04,0.01,1.87,0.05,0.06,0.01,0.0,0.0,0.0,0.0,6.2,0.91,0.14,0.08,5.54,0.12,0.15,0.04
Brborić,SRB,OUTSIDE HITTER,8.81,7.31,0.51,0.15,0.07,1.84,0.12,0.06,0.01,5.4,0.08,0.12,0.02,0.04,0.09,0.0,0.0,6.55,0.83,0.15,0.08,3.27,0.11,0.1,0.02
Briggs,USA,LIBERO,40.03,0.0,0.0,0.0,0.0,0.0,0.0,0.0,0.0,0.0,0.0,0.0,0.0,0.39,0.17,0.01,0.0,21.86,1.0,0.36,0.27,29.79,0.45,0.35,0.19
Brizard,FRA,SETTER,100.0,3.6,0.83,0.07,0.03,3.3,0.08,0.11,0.02,75.3,0.24,0.74,0.3,90.77,0.49,0.89,0.61,14.75,0.81,0.28,0.18,0.0,0.0,0.0,0.0
Burggräf,GER,SETTER,3.11,0.0,0.0,0.0,0.0,0.77,0.2,0.03,0.0,3.17,0.08,0.07,0.01,2.32,0.2,0.06,0.02,1.94,0.4,0.07,0.02,0.0,0.0,0.0,0.0
Böhme,GER,OPPOSITE SPIKER,6.08,5.75,0.71,0.1,0.06,0.46,0.06,0.03,0.0,7.46,0.33,0.07,0.03,0.0,0.0,0.0,0.0,1.93,0.62,0.06,0.02,0.54,1.0,0.01,0.0
Camino,CUB,LIBERO,5.15,0.0,0.0,0.0,0.0,0.0,0.0,0.0,0.0,0.0,0.0,0.0,0.0,0.0,0.0,0.0,0.0,0.0,-0.38,0.09,0.0,6.66,0.07,0.23,0.04
Can Koç,TUR,OPPOSITE SPIKER,15.67,0.0,0.0,0.0,0.0,29.81,0.5,0.32,0.18,0.0,0.0,0.0,0.0,0.0,0.0,0.0,0.0,0.0,0.0,0.0,0.0,0.0,0.0,0.0,0.0
Caneschi,ITA,MIDDLE BLOCKER,2.38,0.0,0.0,0.01,0.0,3.17,0.17,0.08,0.02,0.0,0.0,0.0,0.0,0.0,0.0,0.0,0.0,0.0,0.0,0.0,0.0,0.0,0.0,0.0,0.0
Canham,CAN,OPPOSITE SPIKER,15.57,18.47,0.88,0.25,0.18,2.69,0.11,0.08,0.02,4.53,0.07,0.11,0.02,0.0,0.0,0.0,0.0,1.59,0.17,0.08,0.02,0.0,0.0,0.0,0.0
Carle,FRA,OUTSIDE HITTER,0.0,0.0,0.0,0.0,0.0,0.0,0.0,0.0,0.0,0.0,0.0,0.0,0.0,0.0,0.0,0.0,0.0,0.0,0.0,0.03,0.0,0.0,0.0,0.0,0.0
Chaboissant,FRA,SETTER,8.29,0.38,0.33,0.01,0.0,3.73,0.25,0.08,0.02,0.0,0.0,0.0,0.0,8.66,0.3,0.16,0.06,0.0,-0.17,0.06,0.0,0.0,0.0,0.0,0.0
Champlin,USA,OUTSIDE HITTER,21.49,21.11,0.77,0.3,0.2,4.8,0.19,0.11,0.03,3.65,0.05,0.11,0.01,0.23,0.17,0.01,0.0,9.06,0.71,0.2,0.11,11.72,0.2,0.23,0.08
Chelenyak,UKR,MIDDLE BLOCKER,0.34,0.0,-1.0,0.0,0.0,0.0,0.0,0.0,0.0,1.35,0.08,0.04,0.01,0.0,0.0,0.0,0.0,0.0,0.0,0.01,0.0,0.0,0.0,0.0,0.0
Chinenyeze,FRA,MIDDLE BLOCKER,11.99,27.06,6.0,0.16,0.26,0.92,0.08,0.04,0.01,0.0,0.0,0.0,0.0,0.0,0.0,0.0,0.0,0.0,0.0,0.07,0.0,0.0,0.0,0.0,0.0
Chizoba,BRA,OPPOSITE SPIKER,2.43,0.98,0.27,0.04,0.01,0.82,0.11,0.03,0.0,7.51,0.25,0.09,0.03,0.0,0.0,0.0,0.0,0.0,0.0,0.01,0.0,0.0,0.0,0.0,0.0
Clevenot,FRA,OUTSIDE HITTER,73.87,60.92,0.91,0.67,0.59,37.55,0.26,0.47,0.22,18.19,0.08,0.37,0.07,0.02,0.02,0.0,0.0,27.24,1.0,0.43,0.33,39.63,0.34,0.51,0.26
Concepcion,CUB,MIDDLE BLOCKER,76.36,38.03,1.62,0.36,0.37,74.78,0.24,0.82,0.44,14.84,0.08,0.3,0.06,0.0,0.0,0.0,0.0,7.11,0.81,0.16,0.09,0.0,0.0,0.01,0.0
Conde,ARG,OUTSIDE HITTER,0.73,0.0,-0.25,0.01,0.0,2.53,0.33,0.06,0.01,0.0,0.0,0.0,0.0,0.0,0.0,0.0,0.0,0.0,-0.67,0.03,0.0,0.0,0.0,0.02,0.0
Cortesia,ITA,MIDDLE BLOCKER,0.92,0.47,0.5,0.01,0.0,0.96,0.09,0.04,0.01,0.0,0.0,0.0,0.0,0.0,0.0,0.0,0.0,0.0,0.0,0.0,0.0,0.0,0.0,0.0,0.0
Currie,CAN,LIBERO,28.65,0.0,0.0,0.0,0.0,0.0,0.0,0.0,0.0,0.0,0.0,0.0,0.0,0.06,0.05,0.01,0.0,0.0,-0.08,0.42,0.0,37.02,0.32,0.49,0.24
Czunkiewicz,POL,LIBERO,9.95,0.0,0.0,0.0,0.0,0.0,0.0,0.0,0.0,0.0,0.0,0.0,0.0,0.0,0.0,0.0,0.0,6.45,0.11,0.28,0.08,6.41,0.15,0.16,0.04
D. Dimitrov,BUL,OPPOSITE SPIKER,21.71,8.52,0.86,0.13,0.08,25.35,0.33,0.32,0.15,0.0,0.0,0.0,0.0,0.24,0.33,0.01,0.0,9.11,2.5,0.14,0.11,0.0,0.0,0.0,0.0
D. Kolev,BUL,LIBERO,18.62,0.0,0.0,0.0,0.0,0.0,0.0,0.0,0.0,0.0,0.0,0.0,0.0,0.0,0.0,0.0,0.0,24.07,1.0,0.39,0.29,0.0,0.0,0.0,0.0
Dagostino,USA,LIBERO,3.47,0.0,0.0,0.0,0.0,0.0,0.0,0.0,0.0,0.0,0.0,0.0,0.0,0.0,0.0,0.0,0.0,0.0,-0.5,0.22,0.0,4.49,0.09,0.14,0.03
Danani,ARG,LIBERO,100.0,0.0,0.0,0.0,0.0,0.0,0.0,0.0,0.0,0.0,0.0,0.0,0.0,0.07,0.03,0.01,0.0,75.51,0.81,1.0,0.92,53.76,0.28,0.71,0.35
Daneshdoust,IRI,OUTSIDE HITTER,7.65,7.83,1.06,0.11,0.08,8.44,0.36,0.14,0.05,2.29,0.05,0.07,0.01,0.27,0.43,0.01,0.0,3.6,0.67,0.1,0.04,0.0,-0.05,0.07,0.0
Darlan,BRA,OPPOSITE SPIKER,47.05,51.44,1.43,0.48,0.5,4.23,0.14,0.11,0.02,43.25,0.24,0.44,0.17,0.0,0.0,0.0,0.0,4.59,0.43,0.14,0.06,0.0,0.0,0.0,0.0
Diaz,ARG,OUTSIDE HITTER,0.0,0.0,0.0,0.0,0.0,0.0,0.0,0.0,0.0,0.0,0.0,0.0,0.0,0.0,0.0,0.0,0.0,0.0,0.0,0.0,0.0,0.0,0.0,0.0,0.0
Diez,FRA,LIBERO,70.71,0.0,0.0,0.0,0.0,0.0,0.0,0.0,0.0,0.0,0.0,0.0,0.0,0.14,0.07,0.01,0.0,45.94,1.13,0.62,0.56,45.44,0.41,0.52,0.3
Dilmenler,TUR,OPPOSITE SPIKER,11.23,8.56,0.43,0.18,0.08,5.35,0.25,0.11,0.03,1.58,0.06,0.05,0.01,0.0,0.0,0.0,0.0,8.16,1.2,0.16,0.1,0.0,0.0,0.0,0.0
Duflos Rossi,FRA,OUTSIDE HITTER,12.88,1.64,0.13,0.07,0.02,1.04,0.11,0.04,0.01,0.0,0.0,0.0,0.0,0.0,0.0,0.0,0.0,4.39,0.83,0.11,0.05,18.38,0.58,0.21,0.12
Eckardt,GER,LIBERO,1.49,0.0,0.0,0.0,0.0,0.0,0.0,0.0,0.0,0.0,0.0,0.0,0.0,0.0,0.0,0.0,0.0,1.92,1.0,0.06,0.02,0.0,0.0,0.0,0.0
Eiro,JPN,SETTER,26.07,0.0,0.0,0.02,0.0,1.76,0.11,0.06,0.01,5.91,0.06,0.16,0.02,26.14,0.29,0.39,0.18,5.7,0.32,0.18,0.07,0.0,0.0,0.0,0.0
Eisa,IRI,MIDDLE BLOCKER,48.16,12.61,1.11,0.17,0.12,55.63,0.25,0.65,0.33,0.49,0.01,0.04,0.0,0.04,0.07,0.0,0.0,10.86,1.43,0.19,0.13,0.87,0.29,0.02,0.01
Elgert,CAN,SETTER,36.28,0.12,0.5,0.0,0.0,1.22,0.05,0.06,0.01,11.42,0.07,0.26,0.05,37.42,0.35,0.49,0.25,0.0,-0.2,0.1,0.0,0.0,-0.33,0.0,0.0
Ensing,USA,OPPOSITE SPIKER,10.46,9.84,0.63,0.17,0.1,2.98,0.14,0.08,0.02,8.45,0.09,0.17,0.03,0.0,0.0,0.0,0.0,1.96,0.11,0.11,0.02,0.0,0.0,0.0,0.0
Ertuğrul Gazi,TUR,MIDDLE BLOCKER,0.0,0.0,0.0,0.0,0.0,0.0,0.0,0.0,0.0,0.0,0.0,0.0,0.0,0.0,0.0,0.0,0.0,0.0,0.0,0.0,0.0,0.0,0.0,0.0,0.0
Esfandiar,IRI,OUTSIDE HITTER,23.77,20.43,0.85,0.28,0.2,23.95,0.38,0.3,0.14,23.66,0.15,0.33,0.09,0.0,0.0,0.0,0.0,9.15,1.18,0.18,0.11,0.0,-0.02,0.1,0.0
Ewert,USA,OUTSIDE HITTER,25.3,23.64,0.67,0.35,0.23,7.07,0.13,0.16,0.04,0.0,0.0,0.0,0.0,0.0,0.0,0.0,0.0,0.0,-0.16,0.15,0.0,20.9,0.23,0.35,0.14
Faure,FRA,OPPOSITE SPIKER,96.16,96.05,0.95,0.96,0.93,13.68,0.12,0.28,0.08,51.65,0.12,0.74,0.21,0.02,0.03,0.0,0.0,48.03,1.26,0.62,0.58,1.16,1.0,0.02,0.01
Feral,FRA,OPPOSITE SPIKER,0.0,0.0,0.0,0.01,0.0,0.0,0.0,0.0,0.0,0.0,0.0,0.0,0.0,0.0,0.0,0.0,0.0,0.0,0.0,0.0,0.0,0.0,0.0,0.0,0.0
Fernando,BRA,SETTER,94.16,1.39,0.55,0.04,0.01,4.82,0.1,0.13,0.03,13.28,0.07,0.3,0.05,100.0,0.45,1.0,0.67,0.0,-0.12,0.21,0.0,0.0,-1.0,0.0,0.0
Fiel,CUB,MIDDLE BLOCKER,15.54,4.38,0.73,0.08,0.04,16.85,0.2,0.28,0.1,3.96,0.07,0.1,0.02,0.0,0.0,0.0,0.0,0.5,0.17,0.03,0.01,0.27,0.25,0.01,0.0
Firlej,POL,SETTER,32.45,0.46,0.4,0.02,0.0,1.57,0.08,0.06,0.01,1.92,0.03,0.08,0.01,32.81,0.38,0.42,0.22,10.98,0.87,0.22,0.13,0.0,0.0,0.0,0.0
Flavio,BRA,MIDDLE BLOCKER,49.53,36.93,1.72,0.34,0.36,44.51,0.16,0.63,0.26,1.75,0.02,0.09,0.01,0.03,0.1,0.0,0.0,2.52,0.09,0.14,0.03,0.27,0.33,0.01,0.0
Flexen,USA,OUTSIDE HITTER,7.56,4.79,0.36,0.12,0.05,3.07,0.15,0.08,0.02,16.55,0.17,0.22,0.07,0.0,0.0,0.0,0.0,4.3,1.2,0.1,0.05,0.0,-0.07,0.1,0.0
Fornal,POL,OUTSIDE HITTER,48.77,29.38,0.97,0.36,0.28,32.19,0.26,0.42,0.19,16.49,0.09,0.31,0.07,0.05,0.06,0.0,0.0,4.86,0.14,0.21,0.06,36.56,0.32,0.49,0.24
Gajović,SRB,MIDDLE BLOCKER,1.95,0.29,0.5,0.01,0.0,0.0,0.0,0.0,0.0,6.66,0.08,0.15,0.03,0.0,0.0,0.0,0.0,0.0,-2.0,0.02,0.0,1.9,2.0,0.02,0.01
Galassi,ITA,MIDDLE BLOCKER,42.15,21.85,1.42,0.24,0.21,43.47,0.26,0.53,0.26,0.58,0.01,0.04,0.0,0.0,0.0,0.0,0.0,2.75,0.35,0.1,0.03,0.0,-0.09,0.0,0.0
Gallego,ARG,MIDDLE BLOCKER,19.68,5.13,0.82,0.09,0.05,22.98,0.26,0.32,0.14,0.7,0.03,0.04,0.0,0.0,0.0,0.0,0.0,1.14,0.27,0.06,0.01,0.0,-0.1,0.0,0.0
Garcia,CUB,LIBERO,97.13,0.0,0.0,0.0,0.0,0.0,0.0,0.0,0.0,0.0,0.0,0.0,0.0,0.02,0.02,0.0,0.0,71.04,1.29,0.83,0.86,54.53,0.26,0.74,0.35
Garcia,USA,OPPOSITE SPIKER,40.38,34.84,0.97,0.41,0.34,13.52,0.18,0.24,0.08,45.46,0.2,0.52,0.18,0.09,0.13,0.01,0.0,3.38,0.05,0.22,0.04,0.0,-1.0,0.0,0.0
Gargiulo,ITA,MIDDLE BLOCKER,50.56,34.06,2.46,0.27,0.33,46.05,0.22,0.58,0.27,5.36,0.04,0.18,0.02,0.08,0.17,0.0,0.0,3.82,0.59,0.11,0.05,0.96,0.17,0.03,0.01
Gasman,USA,MIDDLE BLOCKER,5.7,4.92,2.0,0.06,0.05,0.0,0.0,0.0,0.0,14.55,0.5,0.11,0.06,0.0,0.0,0.0,0.0,0.0,0.0,0.06,0.0,0.0,0.0,0.0,0.0
Georgiev,BUL,MIDDLE BLOCKER,5.46,6.08,8.0,0.04,0.06,3.73,0.25,0.08,0.02,0.0,0.0,0.0,0.0,0.0,0.0,0.0,0.0,1.47,2.0,0.04,0.02,0.0,0.0,0.0,0.0
Giannelli,ITA,SETTER,62.3,2.99,0.42,0.08,0.03,20.39,0.16,0.35,0.12,22.82,0.1,0.41,0.09,57.85,0.37,0.69,0.39,16.85,0.51,0.36,0.21,0.0,0.0,0.0,0.0
Gierżot,POL,OUTSIDE HITTER,28.34,24.39,1.03,0.3,0.24,0.9,0.08,0.04,0.01,21.3,0.18,0.27,0.09,0.26,0.4,0.01,0.0,10.97,1.33,0.19,0.13,16.04,0.22,0.28,0.1
Giraudo,ARG,SETTER,8.65,0.22,0.29,0.01,0.0,4.21,0.14,0.11,0.02,3.42,0.09,0.07,0.01,8.18,0.27,0.15,0.06,0.88,0.25,0.05,0.01,0.0,0.0,0.0,0.0
Gomez,ARG,OPPOSITE SPIKER,42.61,49.6,1.16,0.51,0.48,3.01,0.08,0.1,0.02,35.81,0.21,0.4,0.14,0.0,0.0,0.0,0.0,0.0,-0.09,0.12,0.0,0.41,0.33,0.01,0.0
Gomez,CUB,SETTER,43.89,5.9,1.75,0.07,0.06,4.56,0.11,0.12,0.03,17.65,0.09,0.34,0.07,41.92,0.32,0.56,0.28,5.61,0.28,0.19,0.07,0.0,0.0,0.0,0.0
Gomułka,POL,OPPOSITE SPIKER,4.77,6.81,1.0,0.1,0.07,0.0,0.0,0.0,0.0,0.0,0.0,0.0,0.0,0.0,0.0,0.0,0.0,0.0,-1.0,0.03,0.0,0.0,0.0,0.0,0.0
Gonzalez,CUB,OPPOSITE SPIKER,0.0,0.0,0.0,0.0,0.0,0.0,0.0,0.0,0.0,0.0,0.0,0.0,0.0,0.0,0.0,0.0,0.0,0.0,0.0,0.0,0.0,0.0,0.0,0.0,0.0
Goto,JPN,OUTSIDE HITTER,0.0,0.0,0.0,0.0,0.0,0.0,0.0,0.0,0.0,0.0,0.0,0.0,0.0,0.0,0.0,0.0,0.0,0.0,0.0,0.11,0.0,0.0,-1.0,0.0,0.0
Granieczny,POL,LIBERO,14.84,0.0,0.0,0.0,0.0,0.0,0.0,0.0,0.0,0.0,0.0,0.0,0.0,0.01,0.02,0.0,0.0,14.18,1.0,0.26,0.17,5.01,0.15,0.13,0.03
Graven,GER,LIBERO,90.25,0.0,0.0,0.0,0.0,0.0,0.0,0.0,0.0,0.0,0.0,0.0,0.0,0.08,0.04,0.01,0.0,51.71,1.03,0.69,0.63,64.95,0.44,0.69,0.42
Grebennikov,FRA,LIBERO,49.7,0.0,0.0,0.0,0.0,0.0,0.0,0.0,0.0,0.0,0.0,0.0,0.0,0.2,0.08,0.01,0.0,29.56,0.69,0.51,0.36,34.64,0.44,0.41,0.22
Greves,CAN,SETTER,0.0,0.0,0.0,0.0,0.0,0.0,0.0,0.0,0.0,0.0,0.0,0.0,0.0,0.0,0.0,0.0,0.0,0.0,0.0,0.0,0.0,0.0,0.0,0.0,0.0
Grozdanov,BUL,MIDDLE BLOCKER,67.62,18.78,0.74,0.27,0.18,72.23,0.23,0.81,0.43,20.41,0.09,0.39,0.08,0.16,0.14,0.01,0.0,3.58,0.5,0.11,0.04,1.07,0.25,0.03,0.01
Grozer,GER,OPPOSITE SPIKER,2.0,0.0,0.0,0.04,0.0,0.0,0.0,0.0,0.0,11.41,0.33,0.11,0.05,0.0,0.0,0.0,0.0,0.0,0.0,0.03,0.0,0.0,0.0,0.0,0.0
Gueye,FRA,MIDDLE BLOCKER,23.8,21.54,1.31,0.24,0.21,18.92,0.16,0.32,0.11,2.31,0.03,0.1,0.01,0.04,0.12,0.0,0.0,0.0,0.0,0.08,0.0,0.16,0.08,0.01,0.0
Gulmezoglu,TUR,OUTSIDE HITTER,11.89,7.82,0.25,0.21,0.08,8.39,0.2,0.16,0.05,6.17,0.06,0.17,0.02,0.0,0.0,0.0,0.0,0.0,0.0,0.19,0.0,7.98,0.11,0.21,0.05
Gyimah,CAN,MIDDLE BLOCKER,32.51,19.71,1.79,0.2,0.19,29.08,0.19,0.43,0.17,6.66,0.08,0.15,0.03,0.12,0.2,0.01,0.0,5.1,0.73,0.13,0.06,4.01,0.47,0.07,0.03
Gürbüz,TUR,OPPOSITE SPIKER,47.71,49.1,0.96,0.55,0.48,2.09,0.06,0.08,0.01,2.99,0.04,0.11,0.01,0.15,0.12,0.01,0.0,44.43,3.0,0.44,0.54,0.0,0.0,0.0,0.0
Haghparast,IRI,OUTSIDE HITTER,4.96,4.05,0.58,0.08,0.04,0.59,0.1,0.03,0.0,3.74,0.11,0.07,0.01,0.0,0.0,0.0,0.0,7.46,8.0,0.08,0.09,0.0,0.0,0.06,0.0
Hatipoğlu,TUR,LIBERO,1.8,0.0,0.0,0.0,0.0,0.0,0.0,0.0,0.0,0.0,0.0,0.0,0.0,0.0,0.0,0.0,0.0,2.33,1.0,0.06,0.03,0.0,0.0,0.0,0.0
Hawryluk,POL,LIBERO,12.53,0.0,0.0,0.0,0.0,0.0,0.0,0.0,0.0,0.0,0.0,0.0,0.0,0.0,0.0,0.0,0.0,10.56,2.0,0.17,0.13,5.64,0.25,0.11,0.04
Hazrat,IRI,LIBERO,48.83,0.0,0.0,0.0,0.0,0.0,0.0,0.0,0.0,0.0,0.0,0.0,0.0,0.06,0.05,0.01,0.0,35.53,1.61,0.45,0.43,27.58,0.33,0.38,0.18
Henno,FRA,OUTSIDE HITTER,33.76,28.06,1.71,0.27,0.27,4.55,0.17,0.11,0.03,13.06,0.15,0.19,0.05,0.0,0.0,0.0,0.0,13.68,1.5,0.22,0.17,22.04,0.33,0.31,0.14
Herr,CAN,SETTER,29.38,0.22,0.29,0.01,0.0,0.49,0.06,0.03,0.0,2.0,0.04,0.07,0.01,31.3,0.38,0.41,0.21,2.38,0.24,0.1,0.03,0.0,0.0,0.0,0.0
Heslinga,CAN,OUTSIDE HITTER,17.72,20.81,0.79,0.29,0.2,6.99,0.18,0.15,0.04,4.19,0.05,0.12,0.02,0.0,0.0,0.0,0.0,0.0,-0.18,0.13,0.0,8.68,0.21,0.18,0.06
Hilmi,TUR,SETTER,2.15,0.0,0.0,0.0,0.0,0.0,0.0,0.0,0.0,9.84,1.0,0.05,0.04,0.04,0.07,0.0,0.0,1.77,2.0,0.04,0.02,0.0,0.0,0.0,0.0
Hobus,USA,OPPOSITE SPIKER,21.95,21.86,0.77,0.31,0.21,8.28,0.19,0.16,0.05,0.0,0.0,0.0,0.0,0.04,0.11,0.0,0.0,8.67,1.22,0.17,0.11,1.9,2.0,0.02,0.01
Hofer,CAN,OUTSIDE HITTER,57.01,58.58,1.02,0.62,0.57,11.91,0.13,0.24,0.07,12.19,0.08,0.26,0.05,0.07,0.06,0.01,0.0,18.04,0.49,0.39,0.22,31.59,0.22,0.5,0.21
Holdaway,USA,MIDDLE BLOCKER,24.37,4.62,0.67,0.09,0.04,25.35,0.33,0.32,0.15,12.65,0.11,0.22,0.05,0.0,0.0,0.0,0.0,2.71,0.25,0.11,0.03,0.0,0.0,0.0,0.0
Honorato,BRA,LIBERO,27.58,30.9,0.79,0.4,0.3,17.46,0.21,0.28,0.1,13.0,0.07,0.3,0.05,0.05,0.06,0.0,0.0,12.13,0.34,0.32,0.15,20.27,0.21,0.35,0.13
Howe,CAN,MIDDLE BLOCKER,21.04,14.95,1.75,0.16,0.15,17.42,0.13,0.32,0.1,5.28,0.06,0.15,0.02,0.0,0.0,0.0,0.0,4.72,1.0,0.11,0.06,0.0,0.0,0.0,0.0
Huetz,FRA,MIDDLE BLOCKER,64.74,26.6,1.43,0.28,0.26,63.45,0.22,0.75,0.37,20.38,0.14,0.3,0.08,0.1,0.2,0.0,0.0,4.91,1.1,0.11,0.06,5.32,0.7,0.07,0.03
Isaacson,USA,SETTER,14.63,0.0,0.0,0.01,0.0,1.09,0.12,0.04,0.01,1.03,0.02,0.05,0.0,15.49,0.3,0.25,0.1,1.29,0.06,0.1,0.02,0.0,0.0,0.0,0.0
Ishikawa,JPN,OUTSIDE HITTER,52.03,64.53,0.84,0.73,0.63,12.67,0.15,0.24,0.07,2.66,0.03,0.11,0.01,0.37,0.15,0.01,0.0,6.51,0.08,0.31,0.08,26.45,0.2,0.45,0.17
Ivović,SRB,LIBERO,49.91,36.98,0.58,0.53,0.36,26.27,0.22,0.38,0.15,10.6,0.06,0.26,0.04,0.21,0.07,0.01,0.0,19.18,0.67,0.37,0.23,42.65,0.26,0.6,0.28
J. Elser,CAN,OUTSIDE HITTER,2.82,3.68,1.8,0.05,0.04,0.84,0.17,0.03,0.0,3.03,0.07,0.08,0.01,0.0,0.0,0.0,0.0,0.0,-1.5,0.02,0.0,0.43,0.09,0.02,0.0
J. Gutierrez,CUB,OUTSIDE HITTER,18.29,14.18,0.8,0.21,0.14,4.0,0.15,0.1,0.02,3.77,0.06,0.1,0.02,0.0,0.0,0.0,0.0,9.29,1.33,0.17,0.11,12.18,0.22,0.23,0.08
Jakubiszak,POL,MIDDLE BLOCKER,18.63,16.57,1.82,0.17,0.16,14.71,0.14,0.28,0.09,1.1,0.02,0.06,0.0,0.03,0.14,0.0,0.0,1.35,0.27,0.06,0.02,3.31,1.0,0.04,0.02
Javad,IRI,SETTER,15.35,0.0,-1.0,0.0,0.0,6.92,0.22,0.14,0.04,0.76,0.03,0.04,0.0,13.72,0.32,0.22,0.09,11.5,1.5,0.19,0.14,0.0,0.0,0.0,0.0
Jendryk,USA,MIDDLE BLOCKER,20.61,21.47,1.68,0.22,0.21,14.1,0.14,0.27,0.08,1.49,0.02,0.07,0.01,0.0,0.0,0.0,0.0,7.92,0.82,0.18,0.1,0.24,0.2,0.01,0.0
Ji D.S.,CHN,OUTSIDE HITTER,23.76,15.51,0.39,0.31,0.15,5.19,0.15,0.12,0.03,3.01,0.04,0.1,0.01,0.37,0.18,0.01,0.0,5.59,0.38,0.17,0.07,22.06,0.24,0.36,0.14
Jiang C.,CHN,OPPOSITE SPIKER,34.22,35.7,0.91,0.43,0.35,8.79,0.18,0.18,0.05,16.89,0.12,0.27,0.07,0.08,0.14,0.0,0.0,6.18,1.0,0.14,0.08,0.0,-0.33,0.0,0.0
John,GER,OPPOSITE SPIKER,84.44,91.85,0.97,0.92,0.89,7.59,0.1,0.19,0.04,49.42,0.16,0.63,0.2,0.0,0.0,0.0,0.0,28.31,1.04,0.44,0.34,1.72,0.33,0.04,0.01
Jovović,SRB,SETTER,39.32,1.75,0.8,0.04,0.02,2.44,0.09,0.08,0.01,1.03,0.02,0.05,0.0,39.59,0.43,0.47,0.27,13.05,0.91,0.25,0.16,0.63,0.5,0.01,0.0
Judson,BRA,MIDDLE BLOCKER,48.19,44.86,2.0,0.37,0.44,31.66,0.14,0.5,0.19,18.03,0.09,0.34,0.07,0.0,0.0,0.0,0.0,13.68,1.5,0.22,0.17,0.32,0.08,0.02,0.0
Kai,JPN,OUTSIDE HITTER,22.01,15.32,0.63,0.25,0.15,1.6,0.11,0.06,0.01,40.24,0.25,0.41,0.16,0.13,0.25,0.01,0.0,4.51,0.35,0.15,0.05,9.14,0.22,0.18,0.06
Karyagin,BUL,OUTSIDE HITTER,0.22,0.0,0.0,0.01,0.0,0.0,0.0,0.0,0.0,0.0,0.0,0.0,0.0,0.0,0.0,0.0,0.0,0.78,1.0,0.03,0.01,0.0,0.0,0.0,0.0
Keemink,NED,SETTER,30.62,2.95,1.12,0.05,0.03,5.99,0.15,0.14,0.04,0.4,0.01,0.04,0.0,31.39,0.32,0.44,0.21,4.83,0.2,0.19,0.06,0.0,0.0,0.0,0.0
Keihan,JPN,OPPOSITE SPIKER,11.82,14.31,1.0,0.19,0.14,3.41,0.2,0.08,0.02,0.0,0.0,0.0,0.0,0.0,0.0,0.0,0.0,0.0,0.0,0.08,0.0,0.0,0.0,0.0,0.0
Kirkit,TUR,OUTSIDE HITTER,0.0,0.0,-0.25,0.01,0.0,0.0,0.0,0.0,0.0,0.0,0.0,0.0,0.0,0.0,0.0,0.0,0.0,0.0,0.0,0.04,0.0,0.0,-0.33,0.0,0.0
Kisiliuk,UKR,OUTSIDE HITTER,3.4,1.74,0.25,0.06,0.02,0.0,0.0,0.0,0.0,9.6,0.25,0.11,0.04,0.0,0.0,0.0,0.0,1.02,0.5,0.04,0.01,0.77,0.05,0.04,0.01
Klok,NED,LIBERO,58.74,0.0,0.0,0.0,0.0,0.0,0.0,0.0,0.0,0.0,0.0,0.0,0.0,0.08,0.04,0.01,0.0,27.45,0.28,0.64,0.33,48.47,0.31,0.62,0.31
Knigge,USA,MIDDLE BLOCKER,22.76,5.94,0.68,0.11,0.06,25.34,0.2,0.38,0.15,4.08,0.06,0.11,0.02,0.04,0.12,0.0,0.0,2.46,0.5,0.08,0.03,0.19,0.12,0.01,0.0
Kochanowski,POL,MIDDLE BLOCKER,62.43,39.52,2.54,0.31,0.38,54.86,0.24,0.65,0.32,15.98,0.09,0.31,0.06,0.0,0.0,0.0,0.0,6.02,1.2,0.13,0.07,2.55,1.0,0.03,0.02
Kokeza,SRB,MIDDLE BLOCKER,0.07,0.0,0.0,0.01,0.0,0.0,0.0,0.0,0.0,0.0,0.0,0.0,0.0,0.0,0.0,0.0,0.0,0.78,1.0,0.03,0.01,0.0,0.0,0.03,0.0
Komenda,POL,SETTER,60.32,0.0,0.0,0.01,0.0,23.11,0.2,0.35,0.14,1.34,0.02,0.08,0.01,62.4,0.37,0.74,0.42,6.37,0.05,0.34,0.08,0.0,0.0,0.0,0.0
Koops,NED,OUTSIDE HITTER,100.0,45.17,0.64,0.6,0.44,3.54,0.09,0.11,0.02,20.61,0.1,0.37,0.08,0.24,0.09,0.01,0.0,56.25,1.27,0.69,0.68,100.0,0.42,1.0,0.65
Korenblek,NED,MIDDLE BLOCKER,4.24,2.33,0.7,0.05,0.02,1.8,0.14,0.06,0.01,7.46,0.33,0.07,0.03,0.0,0.0,0.0,0.0,0.18,1.0,0.01,0.0,0.39,0.5,0.01,0.0
Korreck,GER,MIDDLE BLOCKER,0.0,0.0,0.0,0.0,0.0,0.0,0.0,0.0,0.0,0.0,0.0,0.0,0.0,0.0,0.0,0.0,0.0,0.0,0.0,0.0,0.0,0.0,0.0,0.0,0.0
Koval,UKR,MIDDLE BLOCKER,5.05,4.67,1.5,0.06,0.05,3.71,0.1,0.11,0.02,0.75,0.03,0.04,0.0,0.11,1.0,0.0,0.0,1.4,0.8,0.05,0.02,0.0,0.0,0.0,0.0
Kovalov,UKR,OUTSIDE HITTER,53.26,42.87,0.73,0.55,0.42,44.42,0.31,0.51,0.26,12.36,0.08,0.26,0.05,0.0,0.0,0.0,0.0,12.1,0.48,0.29,0.15,24.81,0.2,0.42,0.16
Kovačič,SLO,LIBERO,61.25,0.0,0.0,0.0,0.0,0.0,0.0,0.0,0.0,0.0,0.0,0.0,0.0,0.17,0.07,0.01,0.0,37.04,0.53,0.66,0.45,42.1,0.34,0.53,0.27
Kozamernik,SLO,MIDDLE BLOCKER,60.5,21.01,1.26,0.24,0.2,64.46,0.24,0.74,0.38,7.86,0.05,0.23,0.03,0.06,0.12,0.0,0.0,7.43,0.37,0.21,0.09,8.55,1.22,0.08,0.06
Kozub,POL,SETTER,1.86,0.0,0.0,0.0,0.0,0.0,0.0,0.0,0.0,0.0,0.0,0.0,0.0,2.04,0.33,0.04,0.01,0.0,-1.0,0.01,0.0,0.0,0.0,0.0,0.0
Krage,GER,MIDDLE BLOCKER,24.92,12.06,1.33,0.15,0.12,25.35,0.33,0.32,0.15,3.36,0.04,0.11,0.01,0.0,0.0,0.0,0.0,0.0,-0.5,0.03,0.0,0.0,0.0,0.0,0.0
Krick,GER,MIDDLE BLOCKER,41.98,70.56,3.86,0.42,0.68,15.82,0.1,0.32,0.09,2.57,0.03,0.11,0.01,0.0,0.0,0.0,0.0,0.0,-2.0,0.03,0.0,0.0,0.0,0.0,0.0
Kržič,SLO,MIDDLE BLOCKER,3.69,2.92,1.5,0.04,0.03,3.08,0.12,0.09,0.02,0.49,0.02,0.03,0.0,0.0,0.0,0.0,0.0,0.0,-0.1,0.02,0.0,0.46,1.0,0.01,0.0
Kukartsev,ARG,OPPOSITE SPIKER,47.33,49.0,0.89,0.56,0.48,16.92,0.22,0.27,0.1,8.08,0.07,0.19,0.03,0.0,0.0,0.0,0.0,10.25,0.64,0.23,0.12,0.0,0.0,0.0,0.0
Kulpinac,SRB,OPPOSITE SPIKER,0.12,0.0,0.0,0.0,0.0,0.0,0.0,0.0,0.0,0.0,0.0,0.0,0.0,0.21,1.0,0.0,0.0,0.37,1.0,0.02,0.0,0.0,0.0,0.0,0.0
Kunstmann,GER,MIDDLE BLOCKER,4.6,4.18,0.55,0.09,0.04,2.98,0.14,0.08,0.02,1.46,0.04,0.05,0.01,0.0,0.0,0.0,0.0,2.98,1.5,0.07,0.04,0.0,0.0,0.0,0.0
L. Bergmann,BRA,OUTSIDE HITTER,32.58,28.58,0.61,0.42,0.28,9.24,0.14,0.19,0.05,5.79,0.05,0.18,0.02,0.02,0.03,0.0,0.0,15.45,0.59,0.33,0.19,18.74,0.17,0.36,0.12
Larry,JPN,MIDDLE BLOCKER,16.53,13.72,1.6,0.15,0.13,13.12,0.16,0.24,0.08,0.51,0.01,0.04,0.0,0.0,0.0,0.0,0.0,9.83,2.0,0.16,0.12,0.0,0.0,0.0,0.0
Laurenzano,ITA,LIBERO,32.49,0.0,0.0,0.0,0.0,0.0,0.0,0.0,0.0,0.0,0.0,0.0,0.0,0.03,0.03,0.0,0.0,34.14,1.71,0.43,0.42,7.86,0.15,0.18,0.05
Lavia,ITA,OUTSIDE HITTER,35.49,21.36,0.48,0.37,0.21,15.56,0.19,0.27,0.09,8.04,0.06,0.2,0.03,0.02,0.03,0.0,0.0,19.85,1.12,0.32,0.24,23.73,0.26,0.37,0.15
Le Goff,FRA,MIDDLE BLOCKER,24.49,17.26,1.0,0.23,0.17,21.0,0.21,0.32,0.12,2.24,0.03,0.09,0.01,0.0,0.0,0.0,0.0,11.39,5.0,0.13,0.14,0.0,0.0,0.0,0.0
Leon,POL,OUTSIDE HITTER,48.7,52.11,0.89,0.59,0.51,13.69,0.22,0.23,0.08,79.58,0.25,0.75,0.32,0.07,0.1,0.0,0.0,16.31,1.5,0.25,0.2,0.0,0.0,0.21,0.0
Li T. Y.,CHN,LIBERO,7.1,0.0,0.0,0.0,0.0,0.0,0.0,0.0,0.0,0.0,0.0,0.0,0.0,0.02,0.06,0.0,0.0,5.85,0.5,0.16,0.07,3.32,0.16,0.09,0.02
Li Y.Z.,CHN,MIDDLE BLOCKER,59.65,14.25,1.07,0.19,0.14,65.95,0.27,0.72,0.39,16.08,0.09,0.3,0.06,0.0,0.0,0.0,0.0,1.4,0.6,0.05,0.02,0.19,0.12,0.01,0.0
Lima B.,ARG,OPPOSITE SPIKER,16.3,23.26,1.06,0.28,0.23,0.0,0.0,0.0,0.0,0.0,0.0,0.0,0.0,0.0,0.0,0.0,0.0,0.0,-1.0,0.03,0.0,0.0,0.0,0.0,0.0
Lipke,NED,LIBERO,1.49,0.0,0.0,0.0,0.0,0.0,0.0,0.0,0.0,0.0,0.0,0.0,0.0,0.0,0.0,0.0,0.0,1.92,1.0,0.06,0.02,0.0,0.0,0.0,0.0
Lopez,CUB,OUTSIDE HITTER,47.22,38.78,1.0,0.44,0.38,9.07,0.19,0.18,0.05,8.12,0.06,0.2,0.03,0.24,0.13,0.01,0.0,21.33,0.96,0.36,0.26,32.11,0.35,0.42,0.21
Loser Bruno,ARG,MIDDLE BLOCKER,80.28,35.29,1.31,0.37,0.34,84.68,0.23,0.92,0.5,5.07,0.03,0.19,0.02,0.0,0.0,0.0,0.0,7.9,0.43,0.21,0.1,0.0,0.0,0.01,0.0
Louati,FRA,OUTSIDE HITTER,43.83,26.97,0.89,0.34,0.26,2.07,0.09,0.07,0.01,26.88,0.14,0.39,0.11,0.04,0.06,0.0,0.0,6.17,0.3,0.2,0.08,40.9,0.39,0.49,0.27
Luburić,SRB,OPPOSITE SPIKER,47.68,52.63,0.68,0.67,0.51,7.14,0.13,0.16,0.04,21.94,0.11,0.37,0.09,0.02,0.04,0.0,0.0,12.18,0.68,0.26,0.15,0.0,-2.0,0.0,0.0
Lucarelli,BRA,OUTSIDE HITTER,20.39,11.17,0.54,0.2,0.11,3.02,0.09,0.09,0.02,4.66,0.06,0.13,0.02,0.06,0.08,0.0,0.0,7.25,0.39,0.21,0.09,19.57,0.31,0.29,0.13
Luengas,ARG,OUTSIDE HITTER,10.34,8.68,0.89,0.13,0.08,3.24,0.18,0.08,0.02,10.48,0.17,0.15,0.04,0.04,0.12,0.0,0.0,6.66,1.14,0.14,0.08,2.35,0.11,0.08,0.02
Lui,CAN,LIBERO,2.44,0.0,0.0,0.0,0.0,0.0,0.0,0.0,0.0,0.0,0.0,0.0,0.0,0.03,0.08,0.0,0.0,0.0,-3.0,0.14,0.0,3.15,0.62,0.05,0.02
M. Lagumdzija,TUR,OUTSIDE HITTER,17.27,18.82,0.62,0.3,0.18,9.55,0.17,0.19,0.06,5.57,0.06,0.15,0.02,0.09,0.13,0.01,0.0,15.6,1.6,0.24,0.19,0.0,0.0,0.09,0.0
Ma'a,USA,SETTER,48.74,2.36,0.62,0.05,0.02,8.7,0.11,0.2,0.05,8.02,0.05,0.22,0.03,48.59,0.35,0.61,0.33,9.95,0.21,0.32,0.12,0.0,0.0,0.0,0.0
Maase,GER,MIDDLE BLOCKER,44.83,53.7,1.89,0.45,0.52,28.85,0.16,0.45,0.17,0.0,0.0,0.0,0.0,0.06,0.14,0.0,0.0,8.84,0.78,0.19,0.11,0.0,0.0,0.04,0.0
Maciel,ARG,MIDDLE BLOCKER,0.0,0.0,0.0,0.0,0.0,0.0,0.0,0.0,0.0,0.0,0.0,0.0,0.0,0.0,0.0,0.0,0.0,0.0,0.0,0.0,0.0,0.0,0.0,0.0,0.0
Magnin,FRA,MIDDLE BLOCKER,5.58,1.51,1.0,0.03,0.01,3.41,0.2,0.08,0.02,8.4,0.2,0.11,0.03,0.0,0.0,0.0,0.0,3.35,2.0,0.07,0.04,0.0,0.0,0.0,0.0
Maicon,BRA,OUTSIDE HITTER,0.0,0.0,0.0,0.0,0.0,0.0,0.0,0.0,0.0,0.0,0.0,0.0,0.0,0.0,0.0,0.0,0.0,0.0,0.0,0.0,0.0,0.0,0.0,0.0,0.0
Maique,BRA,LIBERO,95.08,0.0,0.0,0.0,0.0,0.0,0.0,0.0,0.0,0.0,0.0,0.0,0.0,0.09,0.04,0.01,0.0,65.09,0.84,0.88,0.79,57.82,0.38,0.66,0.38
Mandıracı,TUR,OUTSIDE HITTER,69.0,66.72,0.87,0.74,0.65,19.43,0.17,0.32,0.11,100.0,0.24,0.96,0.4,0.02,0.02,0.0,0.0,14.54,0.33,0.37,0.18,14.45,0.14,0.31,0.09
Marovt,SLO,OUTSIDE HITTER,0.98,0.7,0.06,0.05,0.01,0.0,0.0,0.0,0.0,1.22,0.08,0.03,0.0,0.04,0.17,0.0,0.0,0.55,0.75,0.02,0.01,0.44,0.03,0.03,0.0
Marshman,USA,MIDDLE BLOCKER,0.0,0.0,0.0,0.0,0.0,0.0,0.0,0.0,0.0,0.0,0.0,0.0,0.0,0.0,0.0,0.0,0.0,0.0,0.0,0.0,0.0,0.0,0.0,0.0,0.0
Martinez Franchi,ARG,LIBERO,97.9,0.0,0.0,0.0,0.0,0.0,0.0,0.0,0.0,0.0,0.0,0.0,0.0,0.0,0.0,0.0,0.0,100.0,1.88,0.96,1.22,26.57,0.21,0.44,0.17
Martinez Gion,NED,OUTSIDE HITTER,10.04,5.65,0.5,0.12,0.05,6.22,0.23,0.12,0.04,0.0,0.0,0.0,0.0,0.12,0.5,0.0,0.0,0.0,0.0,0.1,0.0,9.67,0.28,0.17,0.06
Masso,CUB,OPPOSITE SPIKER,86.22,58.01,0.81,0.68,0.56,62.71,0.27,0.7,0.37,25.16,0.11,0.41,0.1,0.24,0.13,0.01,0.0,31.18,1.16,0.45,0.38,0.52,0.2,0.02,0.0
Matheus,BRA,MIDDLE BLOCKER,14.78,4.9,0.86,0.08,0.05,12.28,0.2,0.22,0.07,13.75,0.13,0.22,0.06,0.0,0.0,0.0,0.0,0.77,0.4,0.04,0.01,0.0,0.0,0.0,0.0
Matheus G.,BRA,SETTER,4.3,0.0,0.0,0.0,0.0,3.28,0.38,0.06,0.02,0.0,0.0,0.0,0.0,4.07,0.25,0.09,0.03,1.61,0.25,0.07,0.02,0.0,0.0,0.0,0.0
Matin,IRI,MIDDLE BLOCKER,4.16,9.96,2.0,0.11,0.1,0.0,0.0,0.0,0.0,0.0,0.0,0.0,0.0,0.0,0.0,0.0,0.0,0.0,0.0,0.04,0.0,0.0,0.0,0.0,0.0
Matić,TUR,MIDDLE BLOCKER,29.24,10.96,1.05,0.15,0.11,31.15,0.21,0.44,0.18,3.79,0.05,0.12,0.02,0.0,0.0,0.0,0.0,3.49,0.64,0.1,0.04,0.28,0.2,0.01,0.0
Mašulović N.,SRB,MIDDLE BLOCKER,40.5,22.84,1.62,0.23,0.22,40.74,0.21,0.54,0.24,0.0,0.0,0.0,0.0,0.52,0.3,0.01,0.0,3.78,0.57,0.11,0.05,0.0,0.0,0.01,0.0
Mašulović V.,SRB,OUTSIDE HITTER,46.01,41.68,0.78,0.52,0.4,13.65,0.16,0.25,0.08,4.52,0.04,0.15,0.02,0.0,0.0,0.0,0.0,11.29,0.42,0.28,0.14,31.56,0.16,0.57,0.2
McCarthy,CAN,MIDDLE BLOCKER,71.17,34.7,1.57,0.33,0.34,66.97,0.23,0.77,0.39,21.44,0.09,0.4,0.09,0.26,0.17,0.01,0.0,8.31,0.69,0.19,0.1,3.49,0.28,0.07,0.02
McHenry,USA,MIDDLE BLOCKER,43.69,18.5,1.5,0.2,0.18,45.3,0.25,0.55,0.27,4.42,0.05,0.13,0.02,0.0,0.0,0.0,0.0,9.95,0.8,0.21,0.12,0.0,-0.33,0.0,0.0
Meier,GER,OUTSIDE HITTER,0.0,0.0,0.0,0.0,0.0,0.0,0.0,0.0,0.0,0.0,0.0,0.0,0.0,0.0,0.0,0.0,0.0,0.0,0.0,0.0,0.0,0.0,0.0,0.0,0.0
Meijs,NED,OPPOSITE SPIKER,11.53,11.59,0.66,0.19,0.11,3.5,0.21,0.08,0.02,8.93,0.13,0.15,0.04,0.05,0.2,0.0,0.0,0.0,-0.17,0.07,0.0,0.0,0.0,0.0,0.0
Mergarejo,CUB,OUTSIDE HITTER,4.9,2.77,0.64,0.06,0.03,2.02,0.29,0.05,0.01,4.67,0.05,0.14,0.02,0.04,0.11,0.0,0.0,7.33,3.0,0.11,0.09,0.0,-0.06,0.03,0.0
Miao R.T.,CHN,MIDDLE BLOCKER,5.02,2.84,0.67,0.06,0.03,4.16,0.13,0.11,0.02,2.84,0.07,0.07,0.01,0.0,0.0,0.0,0.0,0.0,0.0,0.0,0.0,0.0,0.0,0.0,0.0
Michieletto,ITA,OUTSIDE HITTER,83.0,63.01,0.92,0.69,0.61,37.48,0.33,0.44,0.22,96.93,0.21,1.0,0.39,0.37,0.12,0.02,0.0,19.79,0.46,0.42,0.24,31.28,0.25,0.47,0.2
Milanović,SRB,SETTER,0.15,0.0,0.0,0.0,0.0,0.0,0.0,0.0,0.0,0.0,0.0,0.0,0.0,0.17,0.17,0.01,0.0,0.0,0.0,0.0,0.0,0.0,0.0,0.0,0.0
Miwa,JPN,MIDDLE BLOCKER,4.38,6.3,0.86,0.1,0.06,2.33,0.08,0.08,0.01,0.0,0.0,0.0,0.0,0.0,0.0,0.0,0.0,0.0,0.0,0.08,0.0,0.0,-2.0,0.0,0.0
Miyaura,JPN,OPPOSITE SPIKER,76.05,84.71,1.12,0.81,0.82,4.2,0.09,0.12,0.02,55.41,0.18,0.64,0.22,0.03,0.06,0.0,0.0,18.17,0.75,0.34,0.22,0.0,-0.14,0.0,0.0
Mohammad,IRI,MIDDLE BLOCKER,35.74,35.38,1.84,0.32,0.34,25.27,0.15,0.41,0.15,3.94,0.03,0.16,0.02,0.04,0.1,0.0,0.0,11.06,1.2,0.2,0.13,0.89,0.14,0.03,0.01
Mohwinkel,GER,LIBERO,32.45,18.03,0.73,0.27,0.17,4.55,0.17,0.11,0.03,2.12,0.04,0.07,0.01,0.11,0.07,0.01,0.0,15.45,0.89,0.29,0.19,25.94,0.31,0.37,0.17
Morteza,IRI,OUTSIDE HITTER,81.85,53.41,0.99,0.58,0.52,12.08,0.17,0.23,0.07,76.22,0.21,0.79,0.31,0.09,0.08,0.01,0.0,23.88,1.19,0.37,0.29,54.88,0.31,0.69,0.36
Možič,SLO,OUTSIDE HITTER,63.63,53.92,0.74,0.66,0.52,31.8,0.23,0.43,0.19,18.01,0.1,0.32,0.07,0.07,0.05,0.01,0.0,23.37,0.8,0.41,0.28,32.47,0.22,0.51,0.21
Muhammed K.,TUR,SETTER,0.0,0.0,0.0,0.0,0.0,0.0,0.0,0.0,0.0,0.0,0.0,0.0,0.0,0.0,0.0,0.0,0.0,0.0,0.0,0.0,0.0,0.0,0.0,0.0,0.0
Mujanović,SLO,OPPOSITE SPIKER,35.71,36.1,0.9,0.44,0.35,7.75,0.14,0.17,0.05,17.42,0.17,0.23,0.07,0.0,0.0,0.0,0.0,12.54,1.7,0.2,0.15,0.0,-0.2,0.0,0.0
Murayama,JPN,MIDDLE BLOCKER,14.76,7.3,1.67,0.09,0.07,12.14,0.25,0.2,0.07,9.35,0.11,0.17,0.04,0.0,0.0,0.0,0.0,2.98,3.0,0.06,0.04,0.0,0.0,0.0,0.0
Nachev,BUL,MIDDLE BLOCKER,0.0,0.0,0.0,0.0,0.0,0.0,0.0,0.0,0.0,0.0,0.0,0.0,0.0,0.0,0.0,0.0,0.0,0.0,0.0,0.0,0.0,0.0,0.0,0.0,0.0
Najdič,SLO,SETTER,19.0,0.14,1.0,0.0,0.0,0.95,0.07,0.04,0.01,1.54,0.04,0.06,0.01,19.53,0.31,0.3,0.13,4.54,0.5,0.13,0.06,0.0,0.0,0.0,0.0
Nalozhnyi,UKR,OUTSIDE HITTER,0.0,0.0,0.0,0.0,0.0,0.0,0.0,0.0,0.0,0.0,0.0,0.0,0.0,0.0,0.0,0.0,0.0,0.0,-2.0,0.0,0.0,0.0,-0.25,0.0,0.0
Nasevich,POL,OPPOSITE SPIKER,12.91,6.51,0.5,0.13,0.06,2.26,0.07,0.08,0.01,22.29,0.29,0.22,0.09,0.0,0.0,0.0,0.0,12.41,3.0,0.17,0.15,2.14,1.0,0.03,0.01
Nedeljković,SRB,MIDDLE BLOCKER,85.15,43.67,2.55,0.33,0.42,87.36,0.23,0.95,0.51,1.46,0.02,0.07,0.01,0.1,0.15,0.01,0.0,6.72,0.65,0.17,0.08,4.25,0.75,0.06,0.03
Negic,SRB,LIBERO,4.71,0.0,0.0,0.0,0.0,0.0,0.0,0.0,0.0,0.0,0.0,0.0,0.0,0.0,0.0,0.0,0.0,5.55,1.17,0.12,0.07,0.54,1.0,0.01,0.0
Nikolić,SRB,OPPOSITE SPIKER,5.61,6.91,0.68,0.12,0.07,0.55,0.08,0.03,0.0,2.73,0.06,0.07,0.01,0.05,0.25,0.0,0.0,0.0,-0.58,0.04,0.0,0.0,0.0,0.0,0.0
Nishimoto,JPN,MIDDLE BLOCKER,11.04,14.52,2.57,0.13,0.14,6.04,0.13,0.14,0.04,0.94,0.02,0.05,0.0,0.0,0.0,0.0,0.0,1.62,1.0,0.05,0.02,0.8,1.0,0.01,0.01
Nishiyama,JPN,OPPOSITE SPIKER,8.3,9.53,0.88,0.14,0.09,0.97,0.12,0.04,0.01,6.23,0.15,0.1,0.02,0.22,0.4,0.01,0.0,0.0,-0.2,0.02,0.0,0.0,0.0,0.01,0.0
Nowak J.,POL,MIDDLE BLOCKER,47.05,26.31,2.14,0.23,0.26,47.59,0.24,0.58,0.28,1.06,0.02,0.06,0.0,0.08,0.17,0.0,0.0,0.0,0.0,0.1,0.0,0.53,0.25,0.02,0.0
Ogawa,JPN,LIBERO,75.79,0.0,0.0,0.0,0.0,0.0,0.0,0.0,0.0,0.0,0.0,0.0,0.0,0.03,0.02,0.0,0.0,47.94,0.76,0.72,0.58,50.04,0.5,0.52,0.33
Okroglič,SLO,LIBERO,4.6,0.0,0.0,0.0,0.0,0.0,0.0,0.0,0.0,0.0,0.0,0.0,0.0,0.08,0.18,0.0,0.0,5.93,0.23,0.21,0.07,0.0,0.0,0.09,0.0
Onodera,JPN,MIDDLE BLOCKER,26.1,30.77,2.43,0.25,0.3,17.34,0.13,0.32,0.1,0.0,0.0,0.0,0.0,0.0,0.0,0.0,0.0,2.71,0.25,0.11,0.03,0.0,0.0,0.0,0.0
Otsuka,JPN,OUTSIDE HITTER,41.54,50.9,1.1,0.53,0.49,2.69,0.11,0.08,0.02,2.89,0.03,0.11,0.01,0.0,0.0,0.0,0.0,6.91,0.33,0.21,0.08,24.28,0.27,0.37,0.16
Oya,JPN,SETTER,33.93,0.25,0.5,0.01,0.0,0.0,0.0,0.0,0.0,0.46,0.01,0.04,0.0,36.04,0.37,0.46,0.24,5.42,0.13,0.23,0.07,0.0,0.0,0.0,0.0
Pace,ITA,LIBERO,16.92,0.0,0.0,0.0,0.0,0.0,0.0,0.0,0.0,0.0,0.0,0.0,0.0,0.0,0.0,0.0,0.0,11.86,10.0,0.11,0.14,10.02,0.44,0.14,0.07
Pajenk,SLO,MIDDLE BLOCKER,10.35,22.48,1.5,0.24,0.22,0.0,0.0,0.0,0.0,0.0,0.0,0.0,0.0,0.0,0.0,0.0,0.0,11.63,1.0,0.22,0.14,0.0,0.0,0.0,0.0
Palev,BUL,SETTER,17.25,0.17,1.0,0.0,0.0,1.45,0.08,0.06,0.01,0.51,0.02,0.04,0.0,18.02,0.37,0.26,0.12,3.21,0.5,0.1,0.04,0.0,0.0,0.0,0.0
Palonsky,ARG,OUTSIDE HITTER,71.35,69.68,0.81,0.79,0.68,13.79,0.13,0.27,0.08,21.01,0.08,0.41,0.08,0.23,0.09,0.01,0.0,32.69,0.84,0.52,0.4,36.12,0.22,0.56,0.23
Pampushko,UKR,LIBERO,1.19,0.0,0.0,0.0,0.0,0.0,0.0,0.0,0.0,0.0,0.0,0.0,0.0,0.09,0.25,0.0,0.0,0.0,0.0,0.15,0.0,1.51,0.5,0.03,0.01
Parkinson,NED,MIDDLE BLOCKER,31.96,2.14,0.14,0.09,0.02,39.63,0.27,0.49,0.23,0.0,0.0,0.0,0.0,0.0,0.0,0.0,0.0,10.56,2.0,0.17,0.13,4.91,1.0,0.06,0.03
Pasteur,USA,OUTSIDE HITTER,18.36,36.84,1.88,0.33,0.36,0.0,0.0,0.0,0.0,3.89,0.06,0.11,0.02,0.21,0.25,0.01,0.0,0.0,-0.67,0.06,0.0,0.0,-0.1,0.06,0.0
Patry,FRA,OPPOSITE SPIKER,0.0,0.0,0.0,0.0,0.0,0.0,0.0,0.0,0.0,0.0,0.0,0.0,0.0,0.0,0.0,0.0,0.0,0.0,0.0,0.0,0.0,0.0,0.0,0.0,0.0
Peng S.K.,CHN,MIDDLE BLOCKER,24.24,6.52,0.67,0.12,0.06,28.31,0.21,0.41,0.17,0.99,0.02,0.05,0.0,0.0,0.0,0.0,0.0,0.0,-0.09,0.06,0.0,0.0,0.0,0.01,0.0
Perić,SRB,OUTSIDE HITTER,9.28,9.21,0.88,0.14,0.09,5.24,0.15,0.12,0.03,1.46,0.04,0.05,0.01,0.0,0.0,0.0,0.0,2.65,0.6,0.08,0.03,4.09,0.1,0.13,0.03
Peter,GER,OUTSIDE HITTER,6.1,3.57,0.45,0.08,0.03,0.49,0.06,0.03,0.0,5.23,0.09,0.11,0.02,0.03,0.1,0.0,0.0,3.71,1.0,0.09,0.05,3.82,0.18,0.09,0.02
Petkov,BUL,MIDDLE BLOCKER,16.2,2.64,0.9,0.05,0.03,19.74,0.23,0.3,0.12,0.62,0.02,0.04,0.0,0.0,0.0,0.0,0.0,1.3,0.67,0.05,0.02,0.0,0.0,0.0,0.0
Petkov,BUL,MIDDLE BLOCKER,16.2,2.64,0.9,0.05,0.03,19.74,0.23,0.3,0.12,0.62,0.02,0.04,0.0,0.0,0.0,0.0,0.0,1.3,0.67,0.05,0.02,0.0,0.0,0.0,0.0
Plak,NED,MIDDLE BLOCKER,19.72,18.68,3.2,0.15,0.18,9.29,0.13,0.2,0.05,19.3,0.15,0.27,0.08,0.0,0.0,0.0,0.0,0.0,-0.5,0.03,0.0,1.35,0.4,0.03,0.01
Planinšič,SLO,SETTER,48.33,0.29,0.5,0.01,0.0,11.14,0.16,0.22,0.07,4.05,0.04,0.15,0.02,51.1,0.37,0.62,0.34,0.0,-0.36,0.13,0.0,0.0,-0.5,0.0,0.0
Poluian,UKR,OUTSIDE HITTER,9.66,12.34,0.66,0.2,0.12,5.81,0.31,0.11,0.03,0.76,0.03,0.04,0.0,0.0,0.0,0.0,0.0,3.81,0.58,0.11,0.05,1.5,0.04,0.08,0.01
Popiwczak,POL,LIBERO,48.06,0.0,0.0,0.0,0.0,0.0,0.0,0.0,0.0,0.0,0.0,0.0,0.0,0.04,0.03,0.0,0.0,59.3,1.23,0.73,0.72,2.82,0.01,0.21,0.02
Poriya,IRI,OUTSIDE HITTER,49.79,36.12,0.8,0.46,0.35,6.63,0.16,0.15,0.04,53.26,0.19,0.6,0.21,0.0,0.0,0.0,0.0,14.0,0.72,0.28,0.17,28.68,0.38,0.37,0.19
Porro L.,ITA,OUTSIDE HITTER,30.1,24.49,1.27,0.27,0.24,21.15,0.33,0.28,0.12,12.96,0.13,0.21,0.05,0.06,0.11,0.0,0.0,9.12,0.44,0.24,0.11,12.64,0.26,0.22,0.08
Poręba,POL,MIDDLE BLOCKER,32.7,25.23,3.3,0.19,0.24,28.89,0.22,0.41,0.17,1.87,0.03,0.07,0.01,0.0,0.0,0.0,0.0,0.0,0.0,0.09,0.0,0.0,-0.5,0.0,0.0
Pothron,FRA,OUTSIDE HITTER,41.6,22.33,0.9,0.29,0.22,1.43,0.08,0.06,0.01,2.2,0.04,0.07,0.01,0.09,0.12,0.01,0.0,32.99,3.33,0.34,0.4,36.0,0.35,0.46,0.23
Qu Z.S.,CHN,LIBERO,58.58,0.0,0.0,0.0,0.0,0.0,0.0,0.0,0.0,0.0,0.0,0.0,0.0,0.13,0.06,0.01,0.0,25.77,0.31,0.59,0.31,49.93,0.33,0.62,0.32
Ramon,FRA,LIBERO,25.18,0.0,0.0,0.0,0.0,0.0,0.0,0.0,0.0,0.0,0.0,0.0,0.0,0.0,0.0,0.0,0.0,25.63,3.0,0.29,0.31,6.92,0.75,0.08,0.04
Ran,JPN,OUTSIDE HITTER,59.84,56.3,0.79,0.66,0.55,17.35,0.27,0.26,0.1,1.86,0.02,0.09,0.01,0.25,0.12,0.01,0.0,24.65,0.69,0.44,0.3,35.81,0.29,0.5,0.23
Rao S.H.,CHN,MIDDLE BLOCKER,10.42,4.76,1.56,0.06,0.05,10.78,0.19,0.2,0.06,0.61,0.02,0.04,0.0,0.04,0.14,0.0,0.0,2.08,0.43,0.08,0.03,0.0,-0.17,0.0,0.0
Recine,ITA,OUTSIDE HITTER,1.86,0.0,-0.5,0.0,0.0,6.49,1.0,0.08,0.04,0.0,0.0,0.0,0.0,0.0,0.0,0.0,0.0,0.0,0.0,0.0,0.0,0.0,0.0,0.0,0.0
Ristić,SRB,LIBERO,35.68,0.0,0.0,0.0,0.0,0.0,0.0,0.0,0.0,0.0,0.0,0.0,0.0,0.1,0.06,0.01,0.0,23.03,0.31,0.54,0.28,23.07,0.2,0.41,0.15
Robinson,USA,OUTSIDE HITTER,46.23,44.89,0.75,0.56,0.44,13.32,0.17,0.24,0.08,25.68,0.14,0.37,0.1,0.14,0.12,0.01,0.0,0.0,0.0,0.21,0.0,27.99,0.21,0.46,0.18
Romanò,ITA,OPPOSITE SPIKER,39.48,38.99,0.98,0.45,0.38,9.04,0.18,0.18,0.05,34.9,0.17,0.44,0.14,0.03,0.08,0.0,0.0,4.92,0.27,0.17,0.06,0.0,0.0,0.0,0.0
Rowan,USA,SETTER,19.36,0.0,-0.25,0.0,0.0,11.28,0.21,0.2,0.07,0.0,0.0,0.0,0.0,18.56,0.29,0.3,0.12,7.85,1.25,0.15,0.1,0.0,0.0,0.0,0.0
Rychlicki,ITA,OPPOSITE SPIKER,39.25,30.27,0.66,0.43,0.29,8.09,0.15,0.17,0.05,44.77,0.2,0.5,0.18,0.0,0.0,0.0,0.0,22.62,1.53,0.33,0.28,0.23,0.25,0.01,0.0
Röhrs,GER,OUTSIDE HITTER,67.41,60.9,0.67,0.76,0.59,19.32,0.17,0.32,0.11,18.31,0.08,0.37,0.07,0.17,0.09,0.01,0.0,50.5,1.4,0.62,0.61,25.8,0.16,0.48,0.17
S. Nikolov,BUL,SETTER,49.64,7.59,0.67,0.13,0.07,20.23,0.19,0.32,0.12,48.15,0.19,0.56,0.19,38.53,0.3,0.54,0.26,14.09,0.53,0.31,0.17,0.0,0.0,0.0,0.0
Saadat,IRI,OPPOSITE SPIKER,33.39,29.76,1.42,0.31,0.29,18.71,0.29,0.27,0.11,10.88,0.12,0.19,0.04,0.0,0.0,0.0,0.0,3.06,0.44,0.1,0.04,0.0,-0.75,0.0,0.0
Sabino,BRA,OPPOSITE SPIKER,0.0,0.0,0.0,0.12,0.0,0.0,0.0,0.0,0.0,0.0,0.0,0.0,0.0,0.0,0.0,0.0,0.0,0.0,0.0,0.0,0.0,0.0,0.0,0.0,0.0
Salazar,ARG,MIDDLE BLOCKER,6.11,4.0,0.5,0.09,0.04,5.91,0.08,0.16,0.03,0.0,0.0,0.0,0.0,0.0,0.0,0.0,0.0,0.0,-1.0,0.06,0.0,0.0,0.0,0.0,0.0
Sanchez Pages,ARG,SETTER,73.95,0.47,0.5,0.01,0.0,0.39,0.04,0.03,0.0,3.66,0.03,0.15,0.01,75.88,0.38,0.85,0.51,22.38,0.71,0.41,0.27,0.0,0.0,0.0,0.0
Sanguinetti,ITA,MIDDLE BLOCKER,1.55,1.33,1.0,0.03,0.01,0.53,0.05,0.03,0.0,2.23,0.14,0.04,0.01,0.0,0.0,0.0,0.0,0.51,1.0,0.02,0.01,0.0,0.0,0.0,0.0
Sani,ITA,OUTSIDE HITTER,30.9,31.4,0.83,0.4,0.3,15.54,0.25,0.24,0.09,3.89,0.06,0.11,0.02,0.0,0.0,0.0,0.0,37.35,3.0,0.39,0.45,0.0,-0.08,0.17,0.0
Sasak,POL,OPPOSITE SPIKER,50.67,46.21,0.82,0.56,0.45,21.25,0.17,0.35,0.13,25.56,0.1,0.44,0.1,0.23,0.16,0.01,0.0,9.98,0.27,0.3,0.12,0.0,0.0,0.0,0.0
Sato,JPN,MIDDLE BLOCKER,20.36,15.27,1.3,0.18,0.15,16.28,0.14,0.3,0.1,6.39,0.06,0.17,0.03,0.09,0.17,0.0,0.0,1.27,0.18,0.07,0.02,0.55,0.22,0.02,0.0
Savaş,TUR,MIDDLE BLOCKER,15.98,7.61,1.0,0.11,0.07,15.28,0.17,0.27,0.09,0.0,0.0,0.0,0.0,0.0,0.0,0.0,0.0,14.56,13.0,0.12,0.18,1.35,1.0,0.02,0.01
Sbertoli,ITA,SETTER,21.77,0.0,0.0,0.0,0.0,1.59,0.09,0.06,0.01,0.8,0.03,0.04,0.0,23.59,0.47,0.3,0.16,0.0,-0.33,0.11,0.0,0.0,0.0,0.0,0.0
Scarpa,ARG,LIBERO,0.0,0.0,0.0,0.0,0.0,0.0,0.0,0.0,0.0,0.0,0.0,0.0,0.0,0.0,0.0,0.0,0.0,0.0,0.0,0.0,0.0,0.0,0.0,0.0,0.0
Schnitzer,CAN,MIDDLE BLOCKER,6.93,5.85,0.92,0.09,0.06,5.41,0.14,0.13,0.03,0.95,0.03,0.04,0.0,0.0,0.0,0.0,0.0,2.26,1.5,0.06,0.03,0.0,0.0,0.01,0.0
Sclater,CAN,OPPOSITE SPIKER,28.5,21.93,0.74,0.31,0.21,14.03,0.19,0.24,0.08,6.04,0.05,0.17,0.02,0.0,0.0,0.0,0.0,17.88,2.0,0.25,0.22,0.44,0.25,0.01,0.0
Semeniuk,POL,OUTSIDE HITTER,47.14,43.85,0.95,0.5,0.43,4.07,0.1,0.12,0.02,21.48,0.11,0.36,0.09,0.06,0.04,0.01,0.0,15.26,0.58,0.32,0.19,28.86,0.36,0.38,0.19
Semeniuk,UKR,MIDDLE BLOCKER,100.0,51.8,1.47,0.48,0.5,100.0,0.27,1.0,0.59,10.73,0.05,0.3,0.04,0.1,0.14,0.01,0.0,5.78,0.38,0.18,0.07,0.88,0.09,0.04,0.01
Shchytkov,UKR,SETTER,46.64,1.51,1.0,0.03,0.01,3.24,0.07,0.11,0.02,5.12,0.05,0.15,0.02,47.48,0.36,0.59,0.32,10.46,0.59,0.24,0.13,0.0,0.0,0.0,0.0
Shimokawa,JPN,SETTER,18.42,0.0,0.0,0.0,0.0,0.0,0.0,0.0,0.0,0.0,0.0,0.0,0.0,18.98,0.45,0.25,0.13,6.23,2.0,0.11,0.08,0.0,0.0,0.0,0.0
Shoji,USA,LIBERO,23.54,0.0,0.0,0.0,0.0,0.0,0.0,0.0,0.0,0.0,0.0,0.0,0.0,0.0,0.0,0.0,0.0,12.37,0.31,0.33,0.15,18.07,0.35,0.26,0.12
Simón,CUB,MIDDLE BLOCKER,84.01,52.94,2.5,0.39,0.51,72.46,0.21,0.84,0.43,22.82,0.08,0.44,0.09,0.0,0.0,0.0,0.0,17.14,1.12,0.29,0.21,4.0,0.43,0.07,0.03
Soshi,JPN,LIBERO,8.64,0.0,0.0,0.0,0.0,0.0,0.0,0.0,0.0,0.0,0.0,0.0,0.0,0.0,0.0,0.0,0.0,7.89,2.5,0.12,0.1,3.28,0.27,0.07,0.02
Stefanović,SRB,MIDDLE BLOCKER,6.66,5.04,1.6,0.07,0.05,5.72,0.19,0.12,0.03,0.0,0.0,0.0,0.0,0.0,0.0,0.0,0.0,1.33,0.4,0.06,0.02,1.74,0.67,0.03,0.01
Strehlau,FRA,OUTSIDE HITTER,0.0,0.0,0.0,0.01,0.0,0.0,0.0,0.0,0.0,0.0,0.0,0.0,0.0,0.0,0.0,0.0,0.0,0.0,0.0,0.0,0.0,0.0,0.0,0.0,0.0
Synytsia,UKR,SETTER,25.77,1.09,1.0,0.02,0.01,7.68,0.16,0.16,0.05,3.6,0.05,0.11,0.01,25.47,0.33,0.37,0.17,5.63,0.75,0.14,0.07,0.0,0.0,0.0,0.0
Szalpuk,POL,OUTSIDE HITTER,37.07,29.8,0.76,0.4,0.29,20.56,0.25,0.3,0.12,4.18,0.05,0.13,0.02,0.05,0.06,0.0,0.0,13.13,0.6,0.29,0.16,21.59,0.21,0.37,0.14
Szymura,POL,OUTSIDE HITTER,53.47,26.16,0.7,0.37,0.25,20.66,0.2,0.32,0.12,9.13,0.06,0.22,0.04,0.0,0.0,0.0,0.0,7.05,0.29,0.22,0.09,54.57,0.39,0.62,0.35
T. Štern,SLO,OPPOSITE SPIKER,36.51,40.78,0.68,0.54,0.4,6.97,0.1,0.17,0.04,12.94,0.08,0.26,0.05,0.02,0.05,0.0,0.0,7.64,0.18,0.27,0.09,0.44,0.2,0.01,0.0
Tatarov,BUL,OUTSIDE HITTER,9.95,4.82,0.36,0.12,0.05,12.81,0.22,0.22,0.08,4.73,0.08,0.11,0.02,0.0,0.0,0.0,0.0,7.11,1.1,0.15,0.09,1.8,0.07,0.08,0.01
Telkiyski,BUL,SETTER,0.0,0.0,0.0,0.0,0.0,0.0,0.0,0.0,0.0,0.0,0.0,0.0,0.0,0.0,0.0,0.0,0.0,0.0,0.0,0.0,0.0,0.0,0.0,0.0,0.0
Tevkun,UKR,OPPOSITE SPIKER,0.0,0.0,0.0,0.01,0.0,0.0,0.0,0.0,0.0,0.0,0.0,0.0,0.0,0.0,0.0,0.0,0.0,0.0,-0.5,0.0,0.0,0.0,0.0,0.0,0.0
Thiago,CUB,MIDDLE BLOCKER,1.88,0.0,0.0,0.01,0.0,2.5,1.0,0.04,0.01,0.0,0.0,0.0,0.0,0.0,0.0,0.0,0.0,0.0,0.0,0.0,0.0,0.0,0.0,0.0,0.0
Thiery,BRA,MIDDLE BLOCKER,7.68,0.33,0.12,0.02,0.0,8.2,0.29,0.14,0.05,5.5,0.12,0.1,0.02,0.0,0.0,0.0,0.0,0.0,-1.0,0.0,0.0,0.0,0.0,0.0,0.0
Thondike,CUB,SETTER,17.55,0.32,0.14,0.02,0.0,10.0,0.24,0.18,0.06,2.05,0.05,0.07,0.01,17.31,0.29,0.28,0.12,2.47,0.15,0.12,0.03,0.0,0.0,0.0,0.0
Tille,GER,SETTER,32.56,0.41,1.0,0.01,0.0,0.0,0.0,0.0,0.0,1.63,0.03,0.07,0.01,32.87,0.36,0.43,0.22,12.42,0.57,0.28,0.15,0.0,0.0,0.0,0.0
Tizi-Oualou,FRA,SETTER,57.75,12.49,2.8,0.11,0.12,13.65,0.16,0.25,0.08,12.99,0.09,0.25,0.05,55.74,0.38,0.66,0.37,6.13,0.29,0.2,0.07,0.0,0.0,0.0,0.0
Todorović,SRB,SETTER,32.4,3.38,3.5,0.03,0.03,2.38,0.08,0.08,0.01,1.59,0.03,0.07,0.01,32.06,0.3,0.46,0.22,11.48,0.42,0.29,0.14,0.0,-3.0,0.0,0.0
Todua,UKR,MIDDLE BLOCKER,30.92,6.46,0.72,0.11,0.06,35.98,0.18,0.51,0.21,1.86,0.03,0.07,0.01,0.11,0.18,0.01,0.0,8.56,1.0,0.18,0.1,0.0,0.0,0.02,0.0
Tomita,JPN,OUTSIDE HITTER,38.45,18.1,0.81,0.26,0.18,0.38,0.03,0.03,0.0,9.33,0.08,0.2,0.04,0.0,0.0,0.0,0.0,12.39,0.73,0.26,0.15,42.49,0.56,0.44,0.28
Toniutti,FRA,SETTER,5.34,0.0,0.0,0.0,0.0,0.0,0.0,0.0,0.0,0.0,0.0,0.0,0.0,5.86,0.44,0.09,0.04,0.0,-1.0,0.02,0.0,0.0,0.0,0.0,0.0
Torwie,GER,MIDDLE BLOCKER,53.6,16.19,1.21,0.2,0.16,58.22,0.21,0.7,0.34,10.84,0.07,0.26,0.04,0.04,0.17,0.0,0.0,4.66,0.26,0.17,0.06,0.0,0.0,0.02,0.0
Tuinstra,NED,OUTSIDE HITTER,39.82,28.55,0.49,0.46,0.28,2.66,0.11,0.08,0.02,14.42,0.08,0.3,0.06,0.14,0.11,0.01,0.0,3.62,0.05,0.23,0.04,37.71,0.32,0.5,0.24
Tupchii,UKR,OPPOSITE SPIKER,77.61,75.4,0.98,0.78,0.73,30.4,0.21,0.43,0.18,22.18,0.08,0.44,0.09,0.07,0.08,0.01,0.0,18.7,0.53,0.39,0.23,0.0,0.0,0.0,0.0
Tümer,TUR,MIDDLE BLOCKER,0.0,0.0,0.0,0.02,0.0,0.0,0.0,0.0,0.0,0.0,0.0,0.0,0.0,0.0,0.0,0.0,0.0,0.0,0.0,0.0,0.0,0.0,0.0,0.01,0.0
Urnaut,SLO,OUTSIDE HITTER,21.95,22.82,0.65,0.34,0.22,20.51,0.5,0.24,0.12,9.92,0.07,0.22,0.04,0.0,0.0,0.0,0.0,6.68,0.25,0.22,0.08,2.38,0.04,0.11,0.02
Uryvkin,UKR,OPPOSITE SPIKER,0.87,1.24,0.67,0.03,0.01,0.0,0.0,0.0,0.0,0.0,0.0,0.0,0.0,0.0,0.0,0.0,0.0,0.0,0.0,0.03,0.0,0.0,0.0,0.0,0.0
Van Der Ent,NED,MIDDLE BLOCKER,47.5,26.77,1.35,0.29,0.26,46.11,0.24,0.57,0.27,4.34,0.04,0.15,0.02,0.0,0.0,0.0,0.0,5.53,0.89,0.13,0.07,1.66,0.6,0.03,0.01
Varga,CAN,OUTSIDE HITTER,31.03,25.57,0.68,0.37,0.25,12.85,0.19,0.23,0.08,17.97,0.14,0.26,0.07,0.03,0.06,0.0,0.0,6.69,0.21,0.23,0.08,17.05,0.23,0.29,0.11
Vicentin,ARG,OUTSIDE HITTER,40.7,18.9,0.46,0.34,0.18,17.56,0.24,0.27,0.1,11.64,0.1,0.22,0.05,0.0,0.0,0.0,0.0,17.57,0.69,0.34,0.21,33.81,0.27,0.49,0.22
Vinčić,SLO,SETTER,8.74,0.0,0.0,0.0,0.0,0.0,0.0,0.0,0.0,0.0,0.0,0.0,0.0,9.07,0.41,0.14,0.06,2.65,0.6,0.08,0.03,0.0,0.0,0.0,0.0
Wang B.,CHN,OUTSIDE HITTER,15.5,17.68,0.54,0.3,0.17,4.7,0.22,0.1,0.03,10.33,0.09,0.2,0.04,0.0,0.0,0.0,0.0,0.0,-0.32,0.16,0.0,6.51,0.12,0.17,0.04
Wang H.B.,CHN,SETTER,15.8,0.17,1.0,0.0,0.0,0.0,0.0,0.0,0.0,2.48,0.03,0.1,0.01,16.82,0.31,0.27,0.11,0.0,-0.06,0.14,0.0,0.0,0.0,0.0,0.0
Wassenaar Ketrzynski,CAN,OPPOSITE SPIKER,45.48,48.5,0.98,0.54,0.47,11.14,0.16,0.22,0.07,20.53,0.12,0.33,0.08,0.0,0.0,0.0,0.0,7.78,0.25,0.25,0.09,0.35,0.07,0.02,0.0
Wen Z. H.,CHN,OPPOSITE SPIKER,27.18,27.91,0.65,0.4,0.27,10.78,0.19,0.2,0.06,11.17,0.11,0.2,0.04,0.0,0.0,0.0,0.0,0.0,-0.07,0.15,0.0,0.0,0.0,0.0,0.0
Wijkstra,NED,OUTSIDE HITTER,0.46,0.0,0.0,0.01,0.0,1.61,0.33,0.04,0.01,0.0,0.0,0.0,0.0,0.0,0.0,0.0,0.0,0.0,0.0,0.0,0.0,0.0,0.0,0.0,0.0
Wiltenburg,NED,MIDDLE BLOCKER,39.48,5.12,0.93,0.08,0.05,48.94,0.28,0.57,0.29,1.87,0.03,0.07,0.01,0.05,0.25,0.0,0.0,0.51,0.14,0.04,0.01,0.67,0.25,0.02,0.0
Yamamoto,JPN,LIBERO,8.74,0.0,0.0,0.0,0.0,0.0,0.0,0.0,0.0,0.0,0.0,0.0,0.0,0.0,0.0,0.0,0.0,5.55,1.5,0.11,0.07,5.75,0.44,0.09,0.04
Yamauchi,JPN,MIDDLE BLOCKER,0.0,0.0,0.0,0.0,0.0,0.0,0.0,0.0,0.0,0.0,0.0,0.0,0.0,0.0,0.0,0.0,0.0,0.0,0.0,0.0,0.0,0.0,0.0,0.0,0.0
Yamazaki,JPN,OUTSIDE HITTER,12.21,8.0,0.45,0.16,0.08,0.86,0.09,0.04,0.01,14.02,0.17,0.19,0.06,0.0,0.0,0.0,0.0,3.55,0.71,0.1,0.04,7.75,0.24,0.15,0.05
Yanchuk,UKR,OUTSIDE HITTER,59.38,74.79,0.86,0.82,0.73,8.37,0.12,0.19,0.05,50.46,0.15,0.66,0.2,0.06,0.05,0.01,0.0,26.74,1.21,0.4,0.33,6.87,0.04,0.28,0.04
Yant,CUB,OUTSIDE HITTER,99.9,100.0,0.94,1.0,0.97,44.68,0.21,0.57,0.26,31.38,0.1,0.54,0.13,0.16,0.09,0.01,0.0,49.8,1.38,0.62,0.61,33.22,0.24,0.51,0.22
Yenipazar,TUR,SETTER,58.36,0.36,0.15,0.02,0.0,16.84,0.16,0.3,0.1,3.69,0.03,0.15,0.01,55.77,0.31,0.72,0.38,29.19,0.92,0.46,0.36,0.0,0.0,0.0,0.0
Yevstratov,UKR,SETTER,15.61,0.0,0.0,0.0,0.0,9.18,0.25,0.16,0.05,3.65,0.05,0.11,0.01,14.77,0.37,0.22,0.1,3.63,0.25,0.14,0.04,0.0,0.0,0.0,0.0
Young,CAN,OUTSIDE HITTER,17.76,12.42,0.67,0.2,0.12,7.17,0.24,0.14,0.04,11.74,0.14,0.19,0.05,0.03,0.06,0.0,0.0,11.68,1.15,0.21,0.14,7.29,0.14,0.18,0.05
Yousef,IRI,MIDDLE BLOCKER,8.89,3.15,0.67,0.06,0.03,9.5,0.2,0.18,0.06,1.06,0.04,0.04,0.0,0.0,0.0,0.0,0.0,1.65,2.0,0.04,0.02,0.44,0.5,0.01,0.0
Yu Y.C.,CHN,SETTER,41.74,0.49,0.33,0.02,0.0,11.1,0.2,0.2,0.07,0.5,0.01,0.04,0.0,42.08,0.36,0.53,0.28,12.26,0.44,0.3,0.15,0.0,0.0,0.0,0.0
Yu Y.T.,CHN,OUTSIDE HITTER,27.51,24.92,0.54,0.4,0.24,1.21,0.05,0.06,0.01,4.65,0.04,0.15,0.02,0.06,0.05,0.01,0.0,19.29,0.79,0.35,0.23,15.42,0.14,0.33,0.1
Yüksel,TUR,OUTSIDE HITTER,0.43,0.0,0.0,0.06,0.0,0.0,0.0,0.0,0.0,0.0,0.0,0.0,0.0,0.04,0.11,0.0,0.0,1.47,1.5,0.04,0.02,0.0,-0.08,0.02,0.0
Z. Štern,SLO,OUTSIDE HITTER,25.74,25.7,0.64,0.38,0.25,1.14,0.04,0.06,0.01,20.19,0.1,0.36,0.08,0.46,0.19,0.02,0.0,16.69,0.6,0.34,0.2,7.77,0.08,0.24,0.05
Zaleszczyk,POL,MIDDLE BLOCKER,0.0,0.0,0.0,0.0,0.0,0.0,0.0,0.0,0.0,0.0,0.0,0.0,0.0,0.0,0.0,0.0,0.0,0.0,0.0,0.0,0.0,0.0,0.0,0.0,0.0
Zerba,ARG,MIDDLE BLOCKER,24.04,14.3,1.29,0.17,0.14,18.96,0.21,0.3,0.11,12.71,0.09,0.26,0.05,0.0,0.0,0.0,0.0,4.32,0.8,0.11,0.05,3.44,1.33,0.04,0.02
Zhai D.J.,CHN,OUTSIDE HITTER,3.45,4.87,0.56,0.1,0.05,1.83,0.22,0.05,0.01,0.0,0.0,0.0,0.0,0.0,0.0,0.0,0.0,2.09,0.22,0.09,0.03,0.0,-0.07,0.07,0.0
Zhang Z.J.,CHN,MIDDLE BLOCKER,11.06,10.76,2.0,0.11,0.1,8.31,0.15,0.18,0.05,0.8,0.03,0.04,0.0,0.03,0.09,0.0,0.0,1.5,0.71,0.05,0.02,0.0,0.0,0.0,0.0
Zhelev,BUL,OUTSIDE HITTER,2.49,0.0,0.0,0.0,0.0,0.0,0.0,0.0,0.0,0.0,0.0,0.0,0.0,0.0,0.0,0.0,0.0,6.97,0.5,0.19,0.08,0.85,0.4,0.02,0.01
Zimmermann,GER,SETTER,42.24,1.37,1.25,0.02,0.01,8.2,0.12,0.19,0.05,1.22,0.02,0.07,0.0,40.96,0.3,0.57,0.28,20.47,0.46,0.44,0.25,0.0,-0.33,0.0,0.0
de Groot,NED,OUTSIDE HITTER,0.87,0.0,0.0,0.01,0.0,0.0,0.0,0.0,0.0,0.0,0.0,0.0,0.0,0.0,0.0,0.0,0.0,0.0,0.0,0.0,0.0,1.51,0.5,0.03,0.01
Śliwka,POL,OUTSIDE HITTER,18.1,16.1,0.77,0.24,0.16,2.98,0.14,0.08,0.02,4.34,0.07,0.11,0.02,0.0,0.0,0.0,0.0,2.75,0.12,0.14,0.03,13.85,0.29,0.23,0.09
Šen,SLO,OUTSIDE HITTER,0.13,0.18,0.12,0.01,0.0,0.0,0.0,0.0,0.0,0.0,0.0,0.0,0.0,0.0,0.0,0.0,0.0,0.15,0.33,0.01,0.0,0.0,0.0,0.03,0.0
Štalekar,SLO,MIDDLE BLOCKER,20.26,16.12,1.25,0.19,0.16,16.24,0.14,0.3,0.1,4.26,0.04,0.15,0.02,0.0,0.0,0.0,0.0,3.04,0.33,0.11,0.04,0.12,0.07,0.01,0.0
